pageid,title,section,chunk_id,chunk_text
247418,日本,Introduction,0,"日本國（日語：日本国〔日本國〕／にっぽんこく／にほんこく，羅馬化：nippon koku/nihon koku），通稱日本，是位於東亞的島嶼國家。國土全境以北海道、本州、四國、九州这四大主要岛屿為基礎的14,125座島嶼組成，周圍被太平洋及鄂霍次克海、日本海、东海等陆缘海環抱；東北與存有主權爭議的千島群島鄰接、西鄰朝鮮半島及俄屬遠東、西南則以琉球群島与臺灣、中国大陆隔海相望。日本全國以八大地方為基礎劃分為47個都道府縣，总面積約37.8萬平方公里，其中75%屬山地丘陵地帶。總人口約1.2億，其中逾3,300萬人居住在首都東京及周邊數縣構成的首都圈，人口規模居於世界各大都市圈前列。政治上施行单一制及议会制君主立宪制，君主天皇為國家及國民團結的象徵，實際的政治權力則由國會與首相所領導的內閣掌管。 傳統認為日本建國日為公元前660年2月11日，其皇室號稱「萬世一系」未曾更迭。4世紀左右，日本出現首個統一政權，其後由大化革新確立以天皇為首的政治體制，效法中國隋唐的制度與文化，融入漢字文化圈的習俗與價值觀，對日本造成了深遠影響。12世紀末，日本開始長達六百多年的武家政權時代，各地大名（武士勢力）"
247418,日本,Introduction,1,首個統一政權，其後由大化革新確立以天皇為首的政治體制，效法中國隋唐的制度與文化，融入漢字文化圈的習俗與價值觀，對日本造成了深遠影響。12世紀末，日本開始長達六百多年的武家政權時代，各地大名（武士勢力）主導政治，天皇僅為名義上的天下共主；此時期依幕府開設地点分為鎌倉、室町、江戶等3大時代，期間包含政治紛亂的南北朝、戰國及安土桃山時代。17世紀起，江戶幕府治下的日本實行鎖國政策長達2百年，直到1854年黑船來航後被迫開國。随后，江戶幕府迫於政治壓力下交還政權予天皇，最终倒台，使日本政治從封建重回中央集權。 經歷短暫內戰後，日本進行明治維新，整頓內政與富國強兵的政策主導了近代日本的開端；經歷各領域的現代化改革、以及對外擴張領土後，進入20世紀時，已是東方世界唯一能和西方列強爭霸的大國。日本在一戰後歷經短暫的大正民主時期，到1930年代政局落入軍部控制走向法西斯化，在1931年展開與中國的長期戰爭，1940年进一步与德意两国结盟成为二戰轴心国一员，為二戰亞太戰場的主要侵略方，最终於1945年投降。戰後日本在同盟國主導下進行國家整體改造，經濟上解散財閥，政治上完全實施內閣制，天皇成為虚位元首，並
247418,日本,Introduction,2,"，1940年进一步与德意两国结盟成为二戰轴心国一员，為二戰亞太戰場的主要侵略方，最终於1945年投降。戰後日本在同盟國主導下進行國家整體改造，經濟上解散財閥，政治上完全實施內閣制，天皇成為虚位元首，並在戰後新憲法第九條中放棄發動戰爭的權利，僅擁有自衛隊作為被動防禦之武裝力量。此後的日本在穩定兩黨體制之下全力發展經濟，實現經濟高速增長，使其成為亞洲最早的已開發國家，經濟體量在1980年代僅次美國達到世界第二。 日本實行社会市场经济，為世界第四大經濟體，亦為七大工業國組織成員，是世界上唯二的人口過億的已開發國家，主要基於日本經濟在二戰後的巨幅增長。現在日本的科研能力、工業基礎和製造業技術均位居世界前列，並為世界前十大出口國和進口國。20世纪后期，日本GDP一度達到美國的7成；但在1990年代经历经济泡沫破裂，從此長期陷入經濟低迷增長，同時面臨少子化和老龄化等日益嚴重的人口問題。至2022年，日本的国内生产总值依國際匯率可兌換成為約4.1兆美元，人均國民收入在33,800美元左右，人類發展指數亦在最高群組行列。除此之外，日本文化在世界上也有突出的地位，其流行文化擁有相當影響力，尤其是在動漫及"
247418,日本,Introduction,3,"本的国内生产总值依國際匯率可兌換成為約4.1兆美元，人均國民收入在33,800美元左右，人類發展指數亦在最高群組行列。除此之外，日本文化在世界上也有突出的地位，其流行文化擁有相當影響力，尤其是在動漫及電子遊戲領域。"
247418,日本,國名,0,日語中「日本」一詞有多種讀法，一般讀作「，Nippon」或「，Nihon」。時至今日，日本政府並無规定其标准读音，因此两种读法并存。“日本”的意思為“朝阳升起的地方”，泛指東方。在《万叶集》及《源氏物語》中都有出現；後來受到漢文化的影響，此名詞的發音由训读改為今日的音读。由於日本國土地處中國東面的海洋上，故此中文使用上又稱其為「東瀛」或「東洋」。 中國古籍曾以「倭國」稱呼日本，日本則以大和（やまと）自稱。一般學界認為「日本」一名是從670年成立，但詳細改名經歷則有日本自行改稱、或武則天下令改稱兩種說法。根據《隋书》記載，645年，日本使者派遣小野妹子前往隋國時，其國書就寫明：「日出處天子致書日沒處天子無恙」據《新唐书》卷220的「日本」記載：咸亨元年（670年），日本使者在慶祝中國平定高麗同時，表示希望中國不要再用「倭」來稱他們的國家、並改以「日本」稱之。當時使者稱該國「因近日出，以為名」。史學家張守節在著書《史記正義》的百濟章節中多次註稱「又倭國，武皇后改曰日本國」。高明士在探討武則天說時，表示唐朝政府當時可能無法確認日本使者對改名的確實意向，所以最後由武則天裁定以「日本」稱之。
247418,日本,史前及原始時代,0,已知最早的日本石器工具可追溯到距今約3.8万–3.9万年前。今日的考古學證據則表明，古代日本的原住民为繩文人，之後东北亚和东亚遷徙而來的各民族与原住民融合，逐渐形成今天的大和民族。大約在公元前一萬年開始，日本進入新石器時期，是為繩紋時代（公元前一萬年至公元前3世紀）和彌生時代（公元前3世紀至公元3世紀）。伴隨著從東亞遷入日本的渡來人，日本在彌生時代初期出現陶器、鐵、銅器以及水田等文化，逐漸成為一個農業社會，同時一些如奴国等小國也開始與中國發展外交關係。
247418,日本,古代,0,在《日本書紀》中，依據神話天照大神的後裔神武天皇於辛酉年舊曆一月一日（公元前660年2月11日）即位為初代天皇、並建立日本國。現今日本國的建國紀念日即依此而定為2月11日。 《三國志》記載三國時代日本古稱倭，當時與中國有朝見關係者有三十餘個部落，其中被推為共主最有聲望的是邪馬台國的女王卑彌呼。公元239年六月，倭女王遣使至帶方郡要求至京城朝獻魏國天子。 日本朝廷一直透過朝鮮半島的諸國吸收來自於亞洲大陸的文化。587年，豪族蘇我氏的頭目蘇我馬子擊敗物部守屋，又在592年暗殺崇峻天皇、立女皇推古天皇為帝，聖德太子攝政，日本進入飛鳥時代。聖德太子制定官位十二階，并頒布憲法十七条，嘗試建立一個以天皇為中心的國家。聖德太子過世後，蘇我氏長期掌權。645年，中大兄皇子和中臣鐮足暗殺蘇我入鹿，掌握政權，是為「乙巳之變」。中大兄皇子擁立孝德天皇即位，推動大化革新等改革，仿效中国唐朝的政治制度，建立了一個中央集权的君主制的國家。710年，元明天皇遷都平城京，日本進入奈良時代，律令制也日益成熟。朝廷的版圖在這時也逐漸擴張，征服东北地方部分地區和南九州。 奈良時代後期，由于贵族权力超越皇权，政局動蕩，君主制
247418,日本,古代,1,央集权的君主制的國家。710年，元明天皇遷都平城京，日本進入奈良時代，律令制也日益成熟。朝廷的版圖在這時也逐漸擴張，征服东北地方部分地區和南九州。 奈良時代後期，由于贵族权力超越皇权，政局動蕩，君主制松弛。794年，桓武天皇遷都平安京（現在的京都府-京都），此後到1192年成立鎌倉幕府的這段期間是為平安時代，日語假名以及國風文化在此時代成形。嵯峨天皇时期的《新撰姓氏錄》记录居住在京都及畿內的1182个氏族，其中「漢」為163氏，「百濟」為104氏，「高句麗」為41氏，「新羅」為9氏，「伽倻」為9氏。 平安時代末期，本依附于贵族的武士阶级迅速崛起，出現以東國為勢力范圍的源氏和以西国為勢力範圍的平氏兩個龐大的武家勢力，1159年，發生平治之亂，源氏實力雖遭遇很大削弱，但在東國仍擁有強大實力，國家內部因為割據有源平二氏及奧州藤原氏等勢力，加上各界不滿架空朝廷的太政大臣平清盛專橫擅政而內戰頻仍。經過長期的源平合戰，平氏被趕出京都，將朝廷遷往福原京，之後於1185年在壇之浦之戰中徹底覆滅。
247418,日本,幕府時代,0,1192年，武家首領源赖朝被封为征夷大将军，建立镰仓幕府，並展開幕府統治，标志着日本军事贵族掌握国家大权，开始了长达日本600多年的幕府時代。源赖朝過世後，其妻子北條政子的娘家北條氏實力擴大，其父北條時政、弟北條義時開始操縱、暗殺或廢立之後的繼位者，幕府大權旁落於世襲執權的北條氏得宗家之手。承久之亂後，北條氏的委員會制「執權-連署政治」達於全盛。1232年，北條泰時制訂法典《御成敗式目》（又稱《貞永式目》）。該法典最初僅適用於武家內部，後來適用於全國。1274年與1281年，蒙古帝国兩次侵日都未能成功，而戰後受貨幣經濟影響，無法恩賞抗元兵，導致御家人的貧困與御家人制度的解體。北條氏實行一族獨裁，加深御家人和非御家人武士的反感，地方武士和農民積極進行反幕活動，幕府由盛轉衰。後醍醐天皇乘機發動正中之變與元弘之變，倒幕號召得到各地武士響應。1333年5月新田义贞攻陷鎌倉，北條氏控制的鎌倉幕府滅亡。 後醍醐天皇掌握大權以後，并沒有滿足武士階層的期望。大軍閥足利尊氏成為所有武士的代表，于1336年攻陷京都，扶持兩統迭立中的持明院統光明天皇即位。大覺寺統的後醍醐天皇把持著皇室的三神器逃到吉野山中，
247418,日本,幕府時代,1,。 後醍醐天皇掌握大權以後，并沒有滿足武士階層的期望。大軍閥足利尊氏成為所有武士的代表，于1336年攻陷京都，扶持兩統迭立中的持明院統光明天皇即位。大覺寺統的後醍醐天皇把持著皇室的三神器逃到吉野山中，堅持自己才是正統，足利尊氏則在京都建立室町幕府，于是出現京都（北朝）和吉野（南朝）兩個對立的朝廷。南北朝的征戰持續將近60年，1392年，足利義滿逼南朝的後龜山天皇讓位，由室町幕府擁立的北朝後小松天皇成為天皇，也終止長達57年的南北朝時期。 1401年，室町幕府第三任將軍足利義滿為了经济利益和抗衡天皇而向明朝朝貢，大明皇帝遂封其為「日本國王」，但幕府於7年後與明朝斷交。 室町幕府末期（1467年）發生應仁之亂，標誌著日本進入長達148年的戰國時代。1573年，大名織田信長，亦是當時最強悍的諸侯，攻下室町幕府所在地二條御所，將足利義昭流放到河內國，室町幕府滅亡，日本進入安土桃山時代（1573年至1603年）。1582年，織田信長因家臣明智光秀發動兵變而被害。信長重臣羽柴秀吉繼承其勢力，繼續進行統一日本的戰爭。1586年，秀吉受賜姓豐臣氏並就任太政大臣與關白的最高官職，並於1590年击败北條氏
247418,日本,幕府時代,2,1603年）。1582年，織田信長因家臣明智光秀發動兵變而被害。信長重臣羽柴秀吉繼承其勢力，繼續進行統一日本的戰爭。1586年，秀吉受賜姓豐臣氏並就任太政大臣與關白的最高官職，並於1590年击败北條氏統一全日本，隔年秀吉將關白一職讓與過繼來的養子豐臣秀次，自稱太閤，以世襲的方式宣示豐臣政權的穩定。秀吉統率大部分的大名諸侯，自1592年起發動文祿・慶長之役，攻打朝鮮。1593年6月，日本因海戰失利，無法補給，加上朝鮮瘟疫流行，為保朝鮮南部四道的戰果，遂派使節隨同明使沈惟敬到北京議和，其間談判使者石星、沈惟敬與小西行長合謀欺瞞矇混中日雙方，使得明朝在冊封秀吉為日本國王時態度輕慢。9月，明朝賜封的使者抵達日本，豐臣秀吉因朝鮮王子不前來答謝而頓感大怒，拒絕受封，下令驅逐明朝使節，並將小西行長治罪，再次發兵攻打朝鮮。1598年7月，豐臣秀吉在伏見城過世，日方於當年逐漸撤出朝鮮結束戰爭。 1600年，封地在關東地方的大名德川家康取得關原之戰的勝利，基本上獲得全國軍、政上的優勢。1603年，家康被任命為征夷大將軍，開創江戶幕府。1615年，德川家康在大坂之役中完全消滅豐臣氏的勢力，實現了日本的統一，
247418,日本,幕府時代,3,封地在關東地方的大名德川家康取得關原之戰的勝利，基本上獲得全國軍、政上的優勢。1603年，家康被任命為征夷大將軍，開創江戶幕府。1615年，德川家康在大坂之役中完全消滅豐臣氏的勢力，實現了日本的統一，江戶幕府也成為日本實際上的統治者。江戶幕府實行日本獨特的封建體制「幕藩体制」，將社會分為士農工商四個階級及穢多、非人等賤民，基本上階級間的流動受到限制。在幕藩制之下，各藩领国在經濟上依賴中央政府的市場進行交易，幕府凭借经济上优势确保其统治权；但隨著後期商品經濟的高度發展，藩际贸易大大减少各领国对中央的依附性，各藩表现出明显的独立倾向，瓦解了幕藩体制的政治基础。 1543年，一艘葡萄牙船漂流到鹿兒島的種子島。時日本正值戰國紛擾，葡萄牙人將歐式火槍傳入日本，基督教也在這時進入日本。然而，傳教活動與發達的貿易逐漸威脅到江戶幕府的統治，於是幕府在1641年把荷蘭商館遷移到長崎的出島，奉行保护主義（鎖國），這段期間日本只容许荷蘭和清朝的商人來日貿易。在奉行保护主義的200多年間，荷蘭商人通過與日經商傳入蘭學，蘭學因而在日本生根發芽。1854年，美國海軍准將馬休·佩里率領黑船艦隊駛抵江戶附近的浦賀，迫
247418,日本,幕府時代,4,），這段期間日本只容许荷蘭和清朝的商人來日貿易。在奉行保护主義的200多年間，荷蘭商人通過與日經商傳入蘭學，蘭學因而在日本生根發芽。1854年，美國海軍准將馬休·佩里率領黑船艦隊駛抵江戶附近的浦賀，迫使日本開港通商，才一改日本的貿易保护主義作風。江戶幕府末年暴動頻繁，幕藩體制搖搖欲墜，在西南四藩（薩摩、長州、土佐、肥前）為主的維新志士帶領下，一場全國性的倒幕運動正式開展。
247418,日本,明治維新,0,1867年，末代江戶幕府將軍德川慶喜迫於情勢主動大政奉還，以明治天皇為首的新政府正式成立。1867年開始的明治维新對日本进行了多项大刀阔斧的改革，在国家层面揚棄數百年的慣習、改学习西方国家的政治制度与社会结构，建立了以天皇为尊的二元制君主立宪制国家。在地方政治上，新政府于1869年下令各藩「版籍奉還」，又于1871年推行「廢藩置縣」，廢除大名制度，形成了中央集权的政治体制。1889年，新政府頒布了《大日本帝國憲法》（又稱《明治憲法》）。1890年舉行第一次帝國議會。 在整頓內政的同時，日本也積極對外擴張版圖。1872年明治政府将隶属新设立的鹿儿岛县(原萨摩藩)管轄的琉球国改为琉球藩，封琉球國王為「藩王」。1871年10月，一艘琉球國船隻於颱風後漂流至臺灣東南部，其中54名登島乘客被原住民出草殺害，史稱八瑤灣事件。次年鹿儿岛县参事大山纲良获知此事后，立即起草了讨伐台湾的提议书。由於當時琉球國同時向清朝和日本朝貢，而清廷表示將事件交由日本處理，日本因而认为台湾蕃地不在清国的统治范围之内，遂在1874年5月以给遇害的宫古岛民复仇的名义攻打臺灣南部排灣族部落，是為「牡丹社事件」。在駐华英國公使
247418,日本,明治維新,1,同時向清朝和日本朝貢，而清廷表示將事件交由日本處理，日本因而认为台湾蕃地不在清国的统治范围之内，遂在1874年5月以给遇害的宫古岛民复仇的名义攻打臺灣南部排灣族部落，是為「牡丹社事件」。在駐华英國公使調停下，中日兩國簽訂《北京專約》，中国承认日本此次出兵为「保民義舉」，日本从台湾蕃地撤兵但同时树立「大日本琉球蕃民之墓」以表示琉球蕃民乃是日本國屬民。因此该協議也被日本詮釋為大清已承认琉球是日本範圍內之領土。而后在1879年日本又将琉球藩改设为冲绳县。 1894年，李朝統治下的朝鮮發生東學黨起義，中日按《天津條約》同時出兵朝鮮，起义平息后日本要求继续驻兵被拒，其後扣留高宗李熙，命大院君李昰应主国事，後日本稱發現李昰应曾要求東學黨與清軍一起驅逐日軍，於是不宣而战，突襲駐守於朝鮮的大清海軍。隨後於1894年8月1日，中日兩國互相宣戰，甲午戰爭正式爆發，1895年2月，清軍潰敗，清廷被迫派李鴻章代表清廷向日本求和，並以戰敗國身份在日本威逼下签订了條件苛刻的不平等条约《马关条约》，日本在此條約中獲得了臺灣與澎湖群島、以及二億兩白银的巨額賠款，使日本成為廣泛認同的列強之一。 1900年，俄国趁義和團
247418,日本,明治維新,2,清廷向日本求和，並以戰敗國身份在日本威逼下签订了條件苛刻的不平等条约《马关条约》，日本在此條約中獲得了臺灣與澎湖群島、以及二億兩白银的巨額賠款，使日本成為廣泛認同的列強之一。 1900年，俄国趁義和團運動導致八国联军战争时出兵佔據中国东北地区，並在各国与清廷议和后拒不撤兵，遂与日本交恶。日本隨後與英國於1902年組成英日同盟、最終在1904年爆發日俄戰爭。日本帝国在戰爭中重创並逼和俄罗斯，除了讓歐洲人為之震撼外，各殖民地的居民對日本刮目相看、導致這些地方日後的革命熱潮風起雲湧。1910年，日本胁迫大韓帝國簽訂《日韩合并条约》，令朝鮮合併成為日本的一部分。
247418,日本,兩次世界大戰,0,1914年9月，日本以日英同盟為由投向協約國，向以德意志帝國為首的同盟國宣战，並在1914年11月攻佔青島、同時在1915年對中華民國北洋政府提出二十一條。該條約在中國引發五四运动與英美質疑，逼迫日本修改部份條文。日本最終赢得第一次世界大战、並取得胶州湾租借地、德屬新幾內亞等地。 日本在一戰後曾一度出現非常繁荣的大戰景氣並進入大正民主（1912–1926）時期。直到1930年的經濟大恐慌前，日本經歷的重要事件有1918年的米骚动、1923年9月導致十數萬人死亡的關東大震災、以及1927年4月的昭和金融恐慌。1930年，受大恐慌波及的日本陷入經濟停滯。濱口、犬養、岡田等內閣為挽救經濟而主張削減軍費，對此不滿的日本軍部和右翼組織則先後暗殺三位首相。1930年代，主張對外侵略日本軍國主義思想崛起，好戰的陸軍在也中國多次滋事：例如1931年發動九一八事變攻佔東北並扶植满洲国、或是1932年在上海引發一·二八事變。日本國內則在1936年2月26日發生了二二六事件。在一連串事件後，日本最終由统制派軍人東條英機掌權，並建立日本法西斯體制。 1937年7月7日，日軍策動盧溝橋事變後大規模入侵中國。中日
247418,日本,兩次世界大戰,1,發一·二八事變。日本國內則在1936年2月26日發生了二二六事件。在一連串事件後，日本最終由统制派軍人東條英機掌權，並建立日本法西斯體制。 1937年7月7日，日軍策動盧溝橋事變後大規模入侵中國。中日戰爭全面爆發。日軍开战后一度攻佔中國首都南京，並試圖以南京大屠殺逼軍民屈服；但中國國民政府拒绝投降、中国共产党則率领游击队抵抗，使日軍陷入消耗日本大量人力、物力和財力的消耗戰。美國隨後對加入軸心國的日本实行石油和钢铁禁運，使日本決定先於1940年9月入侵法屬印度支那、後於1941年12月襲擊珍珠港，正式向美國、英國和荷蘭宣戰。太平洋戰爭就此爆發。起初日軍連戰皆捷，攻陷了美國的菲律賓；英國的香港、馬來亞、新加坡；以及荷蘭的荷屬東印度。甚至一度進逼澳大利亞。之後日軍在中途岛海战失利，使其在太平洋戰爭中陷入劣勢。其範圍與防線也逐漸被同盟國攻破，直到美軍攻陷沖繩島並空襲其本土為止。 1945年8月6日和9日，美军依次在廣島市和长崎市投下两枚原子弹，蘇聯也在8月9日全面進攻東北，擊潰中國東北的日軍。8月15日，昭和天皇以電台廣播宣佈無條件投降，时任日本外相重光葵與陆军参谋长梅津美治郎則在9月2日於日
247418,日本,兩次世界大戰,2,和9日，美军依次在廣島市和长崎市投下两枚原子弹，蘇聯也在8月9日全面進攻東北，擊潰中國東北的日軍。8月15日，昭和天皇以電台廣播宣佈無條件投降，时任日本外相重光葵與陆军参谋长梅津美治郎則在9月2日於日本帝国大本营接受《波茨坦宣言》並簽署《降伏文書》，將領土範圍限於本州、北海道、九州、四國以及其他指定島嶼，约占1920年日本国土面积的54%。標誌战前昭和时代與第二次世界大战正式結束。
247418,日本,戰後,0,第二次世界大战結束後，美軍為首的駐日盟軍司令部（GHQ）軍事佔領日本、成立远东国际军事法庭追訴發動戰爭並犯下戰爭犯罪的人員。1947年，日本頒訂新憲法、實行自由民主制度。1952年4月28日，《舊金山和約》生效，同盟國軍事佔領結束。1956年12月18日，日本加入聯合國。1972年，美國將琉球的行政權交还給日本。 戰後的日本在美國援助下開始發展經濟、實現長足的經濟成長、並一度成為全球第二大經濟體。但在1991年後泡沫經濟崩潰，經濟陷入長期不景氣階段，俗稱為「失去的十年」。 2011年，日本碰上歷史上强度最大之地震，即東日本大震災，並導致福岛第一核电站事故。2019年，德仁天皇登基。平成時代结束，令和年代开始。2021年举行夏季奥林匹克运动会。同年日本排放福島核廢水，因此受到中国、韩国等周边国家政府和环保团体的强烈指责。2022年7月8日，安倍晋三在奈良市参加竞选活动期间被枪杀，成为自1936年二二六事件以来第一个遇刺身亡的前日本首相。
247418,日本,地理,0,"日本國土位於欧亚大陆以東，太平洋西部，由3個弧状群島（日本列島、琉球群島、伊豆-小笠原群島）組成。其中北海道、本州、四国及九州四大島的面積就佔了國土面積的99.37%。日本通常被歸劃於東亞或東北亞的範疇，北與俄羅斯、西與朝鮮民主主義人民共和國、大韓民國、西南與中国大陆东部及臺灣隔海相望、南與菲律賓隔海相望。國土由自然數約14,125個島嶼所組成，面積約37.8万平方公里，75%屬山地丘陵地帶，森林覆蓋率高，不適合農耕，耕地面積僅佔日本國土的11.1％，也因此日本的人口多集中在沿海地區，日本的人口密度在世界排名第37位。日本國土狹長，南北總長3,800公里，與澳洲、馬達加斯加、美國相近。 日本列島按照地質構造可分為東日本與西日本兩大區域，其界線為位於本州中部，新潟縣糸魚川市與靜岡縣靜岡市之間的糸魚川靜岡構造線。日本列島附近是歐亞板塊、菲律賓海板塊、太平洋板塊和北美洲板塊的交界地，同時日本列島還處在環太平洋造山帶、火山帶、地震帶之上，故日本為一個經常發生地震、但同時也擁有許多火山與溫泉的國家。日本最高的山峰──海拔3,776米的富士山，本身就是一座活火山。據統計，世界全部芮氏規模6.0以上"
247418,日本,地理,1,"還處在環太平洋造山帶、火山帶、地震帶之上，故日本為一個經常發生地震、但同時也擁有許多火山與溫泉的國家。日本最高的山峰──海拔3,776米的富士山，本身就是一座活火山。據統計，世界全部芮氏規模6.0以上的地震中，超過20%都發生在日本；而日本發生的地震，釋放的地震能量就占全球地震釋放能量的10%。 日本面積狹小多山，因此河流普遍長度不長但落差較大。日本的河流在梅雨和台风季节容易形成洪水，日本政府因而修筑大量堤壩和水库用于防洪，同時實行水力发电。日本最長的河川是發源于長野縣，並在新潟縣注入日本海的信濃川，總長367公里；第二長的利根川也是日本流域面積最大的河川。日本最大且最古老的湖泊，是位于滋賀縣的琵琶湖，其面積669.26平方公里、大約有一百萬年左右的歷史。"
247418,日本,各地氣候,0,日本一年四季溫差很大。深受海洋影響，海洋性氣候明顯。日本國土以亞熱帶季風氣候為主，但由於日本的島嶼自西南向東北延伸得很長，南北跨越緯度約20度，因此全國各地的氣候仍然有很大的不同。日本的主流教科書將日本分為六個氣候區： 北海道氣候：北海道不受梅雨的影響，降雨量較日本其他地方為少。夏季短暫且涼爽，冬季漫長而寒冷。 日本海側氣候：範圍包括本州島西部的海岸地區。冬季受西伯利亞高氣壓所影響，吹西北風。同時由于暖流對馬海流在冬季通過日本海而帶來大量水汽，因而常有豪雪。夏季降水較少，因位于夏季风的背风地带有時出现焚風而異常高溫。 中央高地式氣候：典型的內陸性氣候，冬寒夏涼。冬季與夏季及晝夜之間溫差很大，降雨量少。 太平洋側氣候：包括了本州東海岸、南四國和九州大部分地區。夏季受東南季風影響，梅雨強颱風多，冬季的降雪較少。 瀨戶內海式氣候：包括了山陽地方、北四國、近畿與九州局部地區。天氣常是晴天，降雨量少，不時遭受熱浪侵襲。 南西諸島式氣候：範圍為琉球群島。這里屬亞熱帶氣候，夏季炎熱冬季溫暖，降雨量大，且常受颱風吹襲。 日本是世界上降水量較多的地區，主要包括日本海側地區的冬季降雪、沖繩5至7月連綿不斷
247418,日本,各地氣候,1,，不時遭受熱浪侵襲。 南西諸島式氣候：範圍為琉球群島。這里屬亞熱帶氣候，夏季炎熱冬季溫暖，降雨量大，且常受颱風吹襲。 日本是世界上降水量較多的地區，主要包括日本海側地區的冬季降雪、沖繩5至7月連綿不斷的颱風，以及夏季到秋季登陸或接近日本的颱風。日本有記載的最高溫度紀錄是攝氏41.8度，於2025年8月5日在群馬縣的伊勢崎市測得；有記載的最低溫度紀錄是攝氏-41.0度，于1902年1月25日在北海道旭川市測得。
247418,日本,自然環境,0,"日本國土南北狹長，四季分明，也是一個多山國家。因為日本是島嶼國家，四面環海，所以來自外部新生物入侵的可能性也相對較低，離島地區更形成了獨自的生態系統，特別是小笠原群島及琉球群島自古就形成了比日本本土更加孤立的生態系統，小笠原群島更有「東洋的加拉帕戈斯」之稱。 伴隨明治時代以後外來物種的進入，生態系統發生變化，日本的生物多樣性也受到影響，本地物種如朱鹮及日本狼都在20世紀滅絕，但日本各地仍保留著大量珍貴的生態系統，如知床、白神山地、小笠原群島和屋久島都是聯合國教科文組織認定的世界遺產。在環境保護方面，日本是世界上最早面臨大規模公害的國家，並在1960年代後期開始積極立法減排，至21世纪全国主要大气污染物全部达到环境标准。由于高度經濟成長期以後日本飲食文化的變化及海外農產品的輸入，日本的農林水產業在20世紀開始出現農田與人工林的閒置，漁業資源減少等問題。自1970年代以來，相較于其他國家森林面積的持續萎縮，日本的森林覆蓋率一直保持在三分之二上下。2012年，日本的森林面積達253,203平方千米。 日本列島位處數個板塊的交界和環太平洋火山帶之上，火山活動十分活躍，日本在歷史上曾多次發生地震"
247418,日本,自然環境,1,"積的持續萎縮，日本的森林覆蓋率一直保持在三分之二上下。2012年，日本的森林面積達253,203平方千米。 日本列島位處數個板塊的交界和環太平洋火山帶之上，火山活動十分活躍，日本在歷史上曾多次發生地震和海嘯等災難。20世紀以來，在日本造成重大損失的大地震有1923年導致超過10萬人死亡的關東大地震、1995年的阪神淡路大地震和2011年引發海嘯和福島核事故的東北地方太平洋地震。在沿海地區，地震之後引發的海嘯常帶來遠超過地震的影響，英語中的海嘯一詞就是來自于日語中的「津波」（津波／つなみ，Tsunami）。除了地震和海嘯之外，火山亦經常在日本引發災害。近年日本較為活躍的火山有有珠山、淺間山、三宅島、阿蘇山和櫻島等。日本其他的主要自然災害還有山體滑坡、泥石流、洪灾、風災和雪災等。"
247418,日本,主要城市,0,"日本三大主要城市分別為東京都、大阪府、名古屋市。其首都為東京都。截至2020年，該地約1,400萬人；圍繞在東京都的首都圈則約4,400萬人。是世界上最大的城市與最大的都市圈。在日本，人口密度4000人/km2以上的地方為人口集中地區。2022年，全國1.2億人口中，約有8,800萬人居住在人口集中地區。佔全國的六成左右。其他都市的定義還有總務省的都市圈以及都市雇用圈等。"
247418,日本,政府,0,日本為君主立憲國家，日本国宪法訂明“主權在民”，而天皇則為“日本國及人民團結的象徵”。與世界上多數君主立憲國家相同，天皇在日本只有虚位元首名義，並無政治實權，只能進行禮儀性的事務，例如，簽署法律和行政命令、任命內閣總理大臣、接受其他國家外交使節的國書等。现任天皇为德仁，他在其父明仁退位后，于2019年5月1日即位。 日本現行憲法《日本國憲法》是於1947年5月3日由當時佔領日本的美軍草拟，經過日本國會的審議後再由天皇颁行。日本國憲法最重要的三大原則是主權在民、基本人權的尊重以及和平主義，日本政治以這三大原則及其中最基本的、對個人尊嚴的尊重運行。日本實行三權分立的政治體制，立法權歸兩院制國會，司法權歸裁判所（即法院），行政權則由內閣、地方自治體及中央省廳分別處理。憲法規定國家最高權力機構為國會。日本實行兩院制，眾議院有465席，參議院有248席，由18歲或以上的國民投票選出。眾議院議員任期為四年，但由於眾議院可以在任期結束之前中途解散，所以實質上眾議院議員任期平均只有兩年多。參議院議員任期為6年，每3年改選一半，不能中途解散。 日本的最高行政长官是內閣總理大臣（首相），主要职责为领导内阁
247418,日本,政府,1,四年，但由於眾議院可以在任期結束之前中途解散，所以實質上眾議院議員任期平均只有兩年多。參議院議員任期為6年，每3年改選一半，不能中途解散。 日本的最高行政长官是內閣總理大臣（首相），主要职责为领导内阁，由参众两院召开的首相指名选举中选出。雖然所有內閣總理大臣均需由天皇任命，但是憲法已經規定無論任何人在選舉中勝出，天皇都必須予以任命。 日本政府的行政機關是指《國家行政組織法》以及《內閣府設置法》中規定的內閣府、省及其外局，並以內閣總理大臣（首相）為首組成數個「中央省廳」。2001年實施的「中央省廳再編」改革措施以大部門體制為重點，按照職能優化的原則將原本的1府22省廳精簡成1府11省廳，此使日本的一級行政機關數量位居發達國家中最少。現行日本的一級行政機關，有內閣府、總務省、法務省、外務省、財務省、文部科學省、厚生勞動省、農林水產省、經濟產業省、國土交通省、環境省、防衛省、警察廳、數位廳、復興廳等1府13省廳。 自1955年起，自由民主黨長期執政，在野党多次尝试政权更替，但自民党只在1993年至1994年及2009年至2012年短暂成為在野黨。目前自民黨與日本維新會組成執政聯盟，主要在野黨
247418,日本,政府,2,廳等1府13省廳。 自1955年起，自由民主黨長期執政，在野党多次尝试政权更替，但自民党只在1993年至1994年及2009年至2012年短暂成為在野黨。目前自民黨與日本維新會組成執政聯盟，主要在野黨包括由立憲民主黨、公明党组成的中道改革联合、國民民主黨、参政党、未来团队、日本共產黨、令和新選組、社民黨、日本保守黨等。 日本古代的法律體制深受中國的中華法系影響，江戶時代制定的國家最高法律《公事方御定書》就是建基於其基礎之上。然而自18世紀末期，日本大部份的法律則是在歐洲法系的基礎上編寫，例如伊藤政府在1896年通過的民事法則參考了德國的《德国民法典》，此法律至今依然是日本民事法律的骨幹。日本的最高法院是最高裁判所，并下设下级法院。。日本的主要法律被統稱為《六法》。
247418,日本,外交,0,自1956年參與聯合國以來，日本累計擔任了24年的安理會非常任理事國。日本亦曾聯同德國、巴西及印度組成四國聯盟向聯合國提交改革安全理事會建議，其中包括允許四國加入成為安理會常任理事國，但由於受到中國和韓國的反對而未能成功。日本也是七大工業國組織、八大工業國組織、二十國集團、經濟合作與發展組織、世界貿易組織和亞洲太平洋經濟合作組織成員，同時也是東南亞國家聯盟中東協十加三論壇，還有东亚峰会的參與國成員。2023年，日本對開發中國家提供的政府開發援助約196億，為世界第三。根據洛伊國際政策研究所針對各國駐外機構所調查的《全球外交指數報告》（Global Diplomacy Index）指出，2024年的日本擁有251個駐外機構，為全世界第四大的外交網路。日本各項突出的能力與影響力，也使其在世界範圍內被廣泛視為列强。 日本目前与除朝鮮民主主義人民共和國之外的联合国会员国以及梵蒂冈、科索沃、库克群岛和纽埃保持外交关系。日本現代在國際上最親密的盟友為美國，雙方在1960年簽署《美日安保條約》並生效至今。由於日本扼東北亞通往太平洋的門戶，在冷戰時期是美國抵禦共產主義於亞洲擴張的前線，即「島鏈」。日本
247418,日本,外交,1,和纽埃保持外交关系。日本現代在國際上最親密的盟友為美國，雙方在1960年簽署《美日安保條約》並生效至今。由於日本扼東北亞通往太平洋的門戶，在冷戰時期是美國抵禦共產主義於亞洲擴張的前線，即「島鏈」。日本亦同時是美國在亞洲的重要軍事據點，美軍在日本設有多處軍事基地，日本在美國的東亞外交策略中也有一定影響力。2017年，日本成立了四边安全对话，以應對在中國崛起背景下的東亞安全局勢。成員國有日本、美国、印度和澳大利亚。 根據美國馬里蘭大學與英國廣播公司對全世界四萬人進行的民意調查，日本是給世界人民最佳印象的國家之一；但和中国、朝鲜、韓國、還有俄羅斯的關係相對緊張。日本不承认朝鲜民主主义人民共和国政府的合法性，兩國至今无外交关系，並存在绑架问题等争端。日本目前與周遭國家也存有領土糾紛問題：包括與中華人民共和國和中華民國政府之間所存在的尖閣諸島/釣魚台列嶼主權問題、與大韓民國及朝鲜民主主义人民共和国的獨島主權爭議、還有與俄羅斯之間的北方四島主權問題等。此外，首爾的日本駐韓大使館經常有示威者要求日本政府對韓國慰安婦問題作出賠償和道歉，中國民間也經常發生反日示威和抵制日貨運動。日本也與中華人民共和國有
247418,日本,外交,2,獨島主權爭議、還有與俄羅斯之間的北方四島主權問題等。此外，首爾的日本駐韓大使館經常有示威者要求日本政府對韓國慰安婦問題作出賠償和道歉，中國民間也經常發生反日示威和抵制日貨運動。日本也與中華人民共和國有東海油氣田爭議、冲之鸟岛的屬性爭議等。
247418,日本,军事,0,自卫队是日本實際上的武裝力量，成立於1954年7月1日，目的是維持日本的自我防衛能力。1945年，日本在駐日盟軍總司令麦克阿瑟的主导下制定日本國憲法，當中的第九條规定日本放棄以國權發動戰爭、武力威脅或武力行使來作為解決國際爭端的手段。日本憲法因此被形容為「和平憲法」；自衛隊也因此在名義上不稱為不稱作「軍隊」；但國際法則視自衛隊官兵為軍隊成員。 自衛隊分為陸上自衛隊、海上自衛隊、航空自衛隊等三大分支，由防衛省統籌管轄。在韓戰爆發後，日本政府在1950年成立警察預備隊本部，並在其後更名為防衛廳。防衛廳是根據日本《內閣府設置法》第49條第3項以及《防衛廳設置法》第2條的內容而設置的機關，屬內閣總理大臣管轄範圍之下設置的內閣府之外局。隨著《防衛廳設置法》的修改，防衛廳在2007年升格為防衛省，從內閣府獨立成為日本中央一級單位，升格爲與11個平級的單位，防衛廳長官晋升後的防衛大臣在制定政策和申請預算等方面享有更大的權限和獨立性，但總理大臣仍為自衛隊的最高指揮官，並保留著對自衛隊的最高指揮監督權和頒布“防衛出動命令”權力。 另外，原本定義為「附屬任務」的國際緊急救援協助事務、聯合國維和事務以及根據
247418,日本,军事,1,等方面享有更大的權限和獨立性，但總理大臣仍為自衛隊的最高指揮官，並保留著對自衛隊的最高指揮監督權和頒布“防衛出動命令”權力。 另外，原本定義為「附屬任務」的國際緊急救援協助事務、聯合國維和事務以及根據《周邊事態法》的後方支援等事宜，亦不用再以個案的方式經國會兩院審議通過。 日本自卫队的人数受到法律约束，现行编制为22.4万人，编制常保持不整状态，军事人员中亦包括大量军校士官以及军校教师职工，以及4.3萬名具培训新兵能力的干部等。2010年，日本政府發表《防卫计划大纲》，决定将陸上自卫队的坦克数量削减到400辆，但為了对应巨大地震等大规模灾害，陆上自卫队的人数則保持不变。自衛队在踏入21世纪後開始進行海外軍事任務，參與了2002年阿富汗戰爭後的維和任務，也曾於2004年至2009年間向伊拉克派遣「自衛隊伊拉克復興支援群」，協助支援美伊戰爭後的基礎設施重建工程。2009年3月，海上自衛隊首次向索马里海域派遣了两艘護衛舰打击海盗，並在其後數月分別組成了三批舰队互相接替。航空自衛隊於2009年向索马里海域派遣两批P-3C巡逻机部队，为打击海盗进行预警监视。2020年，自衛隊成立宇宙作战队。 2
247418,日本,军事,2,"索马里海域派遣了两艘護衛舰打击海盗，並在其後數月分別組成了三批舰队互相接替。航空自衛隊於2009年向索马里海域派遣两批P-3C巡逻机部队，为打击海盗进行预警监视。2020年，自衛隊成立宇宙作战队。 2014年，時任自民黨總裁安倍晋三試圖重新解釋憲法第九條、以致修憲，以允許自衛隊在特定情況下行使聯合國憲章第51條允許的集體自衛權，從而替為盟友出兵解套。日本國會也在2015年推行相關法案修改，允許自衛隊提供盟友物資支援和防衛性武器。自民黨內部甚至有修憲等意見，以決定憲法第九條去留。但憲法第九條的解釋與修改議論，一直都是日本政治、以致牽涉國際關係的爭議話題。 日本於2025年的國防預算總額為87,005亿日元，较去年增长9.4%。1976年，時任首相三木武夫訂立了防衛開支不得超過國民生產總值1%的限制。雖然該限制在1987年被取消，但自衛隊預算撥備的慣例，一直維持至2022年的俄羅斯入侵烏克蘭為止。在俄羅斯入侵烏克蘭後，時任首相岸田文雄表示將追隨其他北大西洋公约组织成員國，於2027年把防衛開支提昇至国内生产总值的2%。2024年，日本國防支出佔總值的1.4%，總支出位居全球第10位。自二战"
247418,日本,军事,3,止。在俄羅斯入侵烏克蘭後，時任首相岸田文雄表示將追隨其他北大西洋公约组织成員國，於2027年把防衛開支提昇至国内生产总值的2%。2024年，日本國防支出佔總值的1.4%，總支出位居全球第10位。自二战以来，日本一直奉行武器出口三原则。2014年后，这项原则被防卫装备转让三原则所取代。日本开始出口一些非致命性的军事装备，并在2023年12月批准了一项变更放宽防卫装备品出口规则。2024年3月26日，日本內閣批准将未来下一代战机出售给其他国家。
247418,日本,行政區劃,0,日本政府在1947年根據《地方自治法》將全國分成47個一級行政區，稱為「都道府縣」，分別為一都、一道、二府、四十三縣。部份市因人口較多，在當地影響較大，而被指定為政令指定都市、中核市或特例市。截至2026年，日本共有20個政令指定都市、62個中核市和23個特例市。都道府縣下的行政區劃為市町村，此外還有郡、支廳、區、特別區等行政單位。 根據地理與人文、經濟特徵，日本通常被分為八大區域，包括北海道地方、東北地方、關東地方、中部地方、近畿地方、中國地方、四國地方及九州·沖繩地方。日本自1888年起逐步實行市町村合併政策，町村數目大量減少。踏入21世紀，為增進地方分權，政府開始檢討廢除都道府縣，改實行道州制的必要性，引起日本道州制議論。1968年，日本自治省導入了地方公共團體編號制度，目前全日本的都道府縣與各市町村均有自己的編號，編號以ISO 3166-2:JP為準。
247418,日本,經濟,0,日本實行社会市场经济。其GDP排名全球前五、人均国内生产总值則為全球第34名。日本還是世界最大的債權國之一。2025年，日本對外淨資產達533.5兆日圓。為僅次德國的全球第二大債權國。另一方面，日本國債則在2025年達GDP的229%，使其為債務佔GDP比最高的已開發經濟體。日本近代經濟發展始於第二次世界大戰後，並自1960年代起持續成長約30年，被誉为「日本战后经济奇迹」，目前绝大多数世界知名的日本跨国企业都诞生于这一时期。但在1990年代开始，由于过度投资所造成的資產膨脹以及证券和房地产市场的「泡沫化」，日本经济最終在逾放比過高與日圓不斷升值下，泡沫經濟崩溃，而政府改革经济的努力也沒有成效，被稱作「失去的十年」。 日本為全球前十大出口國和進口國（2024年）。其2025年出口額為21.9%。最大的出口貿易夥伴為中國和美國；進口貿易夥伴則為美國、中國、德國等。其主要出口商品為汽車、半導體、鋼鐵、汽車零件等；而主要進口則有原油、液化天然氣、石炭、醫藥品、電子零件等。 日本经济的特点包括製造商與供應商和經銷商的緊密结合、强大的企业联盟和對於僱員採用年功序列制與終身僱用制等。其2024年的
247418,日本,經濟,1,、鋼鐵、汽車零件等；而主要進口則有原油、液化天然氣、石炭、醫藥品、電子零件等。 日本经济的特点包括製造商與供應商和經銷商的緊密结合、强大的企业联盟和對於僱員採用年功序列制與終身僱用制等。其2024年的勞動人口約等於近6.9千萬、失業率則為2.6%。其貧窮率在2020年為15.7%，在G7國家中第二高。
247418,日本,產業結構,0,日本的第三产业佔全國GDP逾70%，其中最龐大的產業為銀行業、零售業、運輸業、金融业和保险业。在東京證券交易所中，交易金額量最大的產業則有銀行業、零售業、和通信業2011年，日本的服務貿易出口則佔世界出口3.4%，排名全球第七。在财富世界500强中，日本有40家企業上榜。其中的代表性公司則有豐田、三菱日聯、NTT、永旺、軟銀集團、日立、伊藤忠等。除此之外，日本旅游业與文化产业也是日本著名的產業。2024年的旅行及观光竞争力报告中，日本為全球第三，僅次於美國和西班牙。日本动漫产业占日本GDP总量超过10%，。日本電子遊戲產業為全球第三大，僅次於美國和中國，並享誉世界。 日本的第二產業也是該國重要的產業，主要工業範圍包括钢铁、汽车、造船、电子电器、化工、纺织、食品加工等。其中，日本汽车工业佔制造业總产值16%，其产业链延伸到制造、销售、维修保养、材料等广阔领域，与汽车工业相关的从业人员也佔了全国就业人数的10%，为日本国民提供了巨大就业机会，因而被稱為日本的「支柱产业」之外，也使日本成全球第三大汽车生产國與第二大汽車出口國。主要的汽車公司則有丰田、马自达、本田、日产、速霸陸、三菱汽车、日野
247418,日本,產業結構,1,国就业人数的10%，为日本国民提供了巨大就业机会，因而被稱為日本的「支柱产业」之外，也使日本成全球第三大汽车生产國與第二大汽車出口國。主要的汽車公司則有丰田、马自达、本田、日产、速霸陸、三菱汽车、日野、五十鈴等。日本的电子机械產業以电子电器产业和汽车工业为代表的制造业高速发展，包括了洗衣机、电冰箱、灯光设备以及个人电脑等多個範疇，基本上是由日立、松下、索尼、东芝、NEC、富士通、三菱电机、夏普和三洋电机等九大製造商瓜分。其总生产额超过了日本整个机械工业的10%，因此也被視為汽车工业以外的第二個支柱产业。 日本的农业实行小型机械化，单位耕地产量世界第一。日本的稻米主要在日本海沿岸地區和東北地方生產，自给有余，而在越光米、富士蘋果等農產品均聞名於世界。日本政府的農業政策除了會確保國內糧食穩定供應外，也推動農業現代化、農民收入穩定。日本渔业资源生产量佔全球15%，捕鱼船隊規模居世界前列。日本的森林覆盖率高达65%以上，是世界上森林覆盖率最高的国家之一，但是由於林业主要著重於保護生态环境，因此工業上使用的木材基本使用进口资源，是世界上进口木材最多的国家。此外，日本还是世界上填海造陆面积最大的国
247418,日本,產業結構,2,林覆盖率高达65%以上，是世界上森林覆盖率最高的国家之一，但是由於林业主要著重於保護生态环境，因此工業上使用的木材基本使用进口资源，是世界上进口木材最多的国家。此外，日本还是世界上填海造陆面积最大的国家之一，有0.5%的國土面積來自填海。
247418,日本,基建和交通,0,"日本的交通以公路、铁路、航空和水路为主。各种交通运输方式的技术水準和运输量均居世界前列。 尽管国土狭小，日本的道路总长度約120萬公里，居世界第六位。日本高速公路收費和徵稅都較其他國家高，但同時亦在公路維修和保養方面投放不少資源、節能方面也屬世界領先。 日本的铁路亦处世界领先水準，且客運路線基本实现电气化。2021年，日本鐵路的總長度27,182公里、總客運量高達253億，為全球最繁忙的铁路网。东京是日本的海陸空交通总枢纽，同時擁有目前世界上最複雜、最密集且運輸流量最高的通勤鐵路系統，东京地铁則是世界上流量最大的城市軌道交通系统。此外，日本还是世界上地下街最多的国家。 2024年，日本擁有993個港口，数量雄居世界前列，为世界海运大国。為增加在國際海運市場的競爭力，目前日本政府將國內6大商港劃為3個「超級中樞港灣」，分別為「京濱港」（東京港、橫濱港）、「名四港」（名古屋港、四日市港）、以及「阪神港」（大阪港、神戶港），以協同作戰的方式應對周邊國家港口崛起的挑戰。 日本的基礎建設完善，特別是交通建設上。1964年開通的新幹線是世界最早的高速鐵路，其中歷史最為悠久的東海道新幹線更是世界上最"
247418,日本,基建和交通,1,"「阪神港」（大阪港、神戶港），以協同作戰的方式應對周邊國家港口崛起的挑戰。 日本的基礎建設完善，特別是交通建設上。1964年開通的新幹線是世界最早的高速鐵路，其中歷史最為悠久的東海道新幹線更是世界上最繁忙的鐵道，全長515.4公里。連接本州和北海道的青函隧道為目前世界上最長的海底隧道，全長3,911米的明石海峽大橋則是世界上第二長的悬索桥。"
247418,日本,供水和改善卫生设施,0,在日本，供水和卫生的责任由多个政府部门承担：厚生劳动省负责家庭用水供应，国土交通省负责水资源开发和改善卫生设施建设，环境省负责环境水质管理和环保工作，而总务省则负责公共设施的性能评估。在日本，所有人都可以获得改善水源，大约98%的人口使用公共设施提供的自来水。
247418,日本,能源,0,截至2019年，日本的能源有37.1%来源于石油，25.1%来源于煤炭，22.4%来源于天然气，3.5%来源于水力发电，而核能仅占2.8%，其余则来自其他能源。与2010年的11.2%相比，核能的使用已大幅下降。尽管政府官员努力争取公众支持，以图恢复部分核电站的运营，但2011年3月福岛第一核电站发生重大核事故之后，由于公众的强烈反对，截至2012年5月，日本国内的所有核电站均已停止运营。不过，川内核电站于2015年重新启动，此后，其他几座核电站也陆续恢复运营。由于日本国内资源储备有限且高度依赖能源进口，因此，该国一直致力于能源多元化和提高能源使用效率。
247418,日本,科研,0,"日本的研究与开发经费佔GDP的3.41%，為世界前十高的國家。依據總務省統計局於2024年的調查報告，日本約有九十萬名研究者，他們平均能分到2430萬日圓。2023年，日本平均每百萬人中，有5,630位研究人員，在世界排名方面也屬前列。日本獲得27個自然領域相關的諾貝爾獎。數學相關的菲尔兹奖則有三位日本人得主。 日本在電子、手機通訊、低耗能環保車、機械、工業用機器人、光學、化學、半導體和金屬等多項領域具世界領先技術且屢獲殊榮。日本機械人工業也非常發達。2025年，日本共安裝了約45萬台工業機器人，是僅次中國（295萬台）全球第二大的機器人供應國。"
247418,日本,太空科技,0,日本的航天机构為宇宙航空研究開發機構（JAXA）：其研究太空、行星和航空，並領導開發相關火箭和衛星。1955年，东京大学在发射了日本第一枚小型火箭後，日本太空科技在JAXA的領導下開始逐步發展，于1970年成功將大隅號卫星成功送入预定轨道，使日本成为世界上继美国、苏联和英国后第四个發射人造衛星上天的國家。 踏入21世紀，日本太空科技迅速發展，2007年，日本发射輝夜號人造衛星，以觀察月球的起源和演化。該衛星在2009年6月於吉尔环形山附近墜落。日本是继美苏之后，第三个成功发射月球探测器的国家。2008年，日本的希望號實驗艙艙組在透過美國航天飞机加至国际空间站。其探測器破曉號在2010年5月21日發射升空，並在2015年12月7日進入金星軌道。其太空探索的目標，還包括在月球建立基地、以及在2030年把太空人送上月球等。2010年，日本发射的小行星探测器隼鳥號在從小行星25143返回地球，是首個在月球以外的星球着陆并安全歸來的人造航天器，已被健力士世界纪录认定為「世界上首架從小行星上帶回物質的探測器」。。
247418,日本,人口,0,"2022年数据显示，日本总人口近1.25亿，其中日本国民约1.22亿，其余人口由少数外国居民构成。 日本的人口密度約為每平方公里336.8人，其中又以太平洋沿岸地區與南部地區最為密集。在日本，除了四國地方，各地方均有人口在100萬以上的大都市。主要都市都集中在沿海地區的平原，10%的日本國土集中了90%的日本人。全國80%的人口居住於城市或大城鎮，26%以上的人口居住在首都圈，49%以上的人口集中在大東京、京阪神、中京等三大都會圈，而東京都人口密度為每平方公里5,748人。現在東京城市群（即首都圈）的人口達到3千6百70萬人以上，為世界上規模最大的都會區，但在都心地帶也引發了地價昂貴等問題，東京更是全球最貴的辦公地點之一。而在農漁村，大量的青年離開本地前往都市，使這些地區逐漸出現過疏化和老齡化問題。 日本是全球老龄化速度最快的国家，其老年人口比例也位居世界之首，占总人口的三分之一。这一现象是二战后婴儿潮、预期寿命延长以及出生率下降等多重因素共同作用的结果。日本的总和生育率仅为1.4，远低于2.1的更替水平，位列全球最低生育率国家之一。同时，日本的人口中位数年龄高达48.4岁，为全球最高"
247418,日本,人口,1,"是二战后婴儿潮、预期寿命延长以及出生率下降等多重因素共同作用的结果。日本的总和生育率仅为1.4，远低于2.1的更替水平，位列全球最低生育率国家之一。同时，日本的人口中位数年龄高达48.4岁，为全球最高。截至2020年，超过四分之一的日本人口年龄超过65岁。随着越来越多年轻日本人选择不婚或无子，预计到2065年，日本人口将锐减至约8800万。日本平均壽命位於世界前列，2016年平均壽命男性80.98歲，女性87.14歲。厚生勞動省發布，截至2022年9月1日日本100歲以上的人瑞高達9萬526人。 人口结构的变化引发了一系列社会问题，尤其是劳动力减少和社会保障成本上升。日本即將面臨被扶養人口急劇增加、勞動力成本提高和福利體系負擔加重的危機。2019年7月10日，日本厚生勞動省公布的日本人口數字較前一年減少43萬3,239人，日本人口持續負成長。日本政府预测，到2060年，劳动年龄人口与老年人口的比例将接近1:1。 人口下降將會影響日本的經濟及社會，日本也是世界勞動力缺口最嚴重的國家之一，但儘管面對如此嚴峻的情勢，日本政府目前婉拒大規模移民計劃，日本民眾更反對任何形式的長期居留，僅22%能"
247418,日本,人口,2,"口的比例将接近1:1。 人口下降將會影響日本的經濟及社會，日本也是世界勞動力缺口最嚴重的國家之一，但儘管面對如此嚴峻的情勢，日本政府目前婉拒大規模移民計劃，日本民眾更反對任何形式的長期居留，僅22%能夠接受移民，而日本的外國出生人口幾乎也都以鄰近的中國、朝鮮半島移民為主。從1990年開始，開放了外國工人參加日本的技術培訓計畫，但僅允许少量臨時移工。近年日本政府亦有意扩大接纳外国劳动力。自2019年特許「國際技能實習」以後，日本的定居勞工大增，社會逐漸與國際流動接觸，外籍政策已經開始鬆動，而日本也變成移民國家目的地，搬遷入籍與海外出生日本人入籍也逐漸開始呈上升趨勢，但由於經濟不振與日幣萎靡，還需要配套才能吸引人才來補充。日本于2019年4月1日修订了移民法，以保障外国劳动者的权益，从而缓解某些行业的劳动力短缺问题。 截止2022年，92%的日本人生活在城市中，日本的首都和最大城市东京都的人口数量达到1390万。这座城市是东京都市圈的组成部分。东京都市圈是世界上最大的都市区，2016年人口总数为38,140,000人。"
247418,日本,民族,0,日本是一个种和文化高度单一的社会，其中，主体民族和人占国家人口的98.1%。雖說如此，由於日本在19世紀末以來開始接收移民和多次擴張領土，目前境內也存在數個少數民族，當中包括阿伊努族、朝鮮人、華人和琉球族。除此之外，在日菲律宾人、回流的日裔巴西人日裔秘鲁人等，也都是日本的少数族裔。此外，历史上受压迫的部落民也是社会上的一个少数群体。 就具體數量而言，阿伊努族約20萬人、在日朝鮮人約82萬人、華人則約92萬人。
247418,日本,語言,0,日本國內並沒有法定的官方語言，但日語為實質上的共通語言：除了大部分日本人都通日語外，日語教育法令也假定外國人應當理解日語。 日語大約是在前7-4世纪的弥生时代開始從朝鮮半島傳入並發展起來。其文字主要由平假名、片假名、漢字構成，並受華語影響。詞彙和發音則除了受華語影響外、在19世紀開始也受英語、法語和德語影響。日語方言大方向會分為琉球方言和本土方言：琉球方言會細分為北琉球方言和南琉球方言；在本土方言則分為東部方言、西日本方言、九州方言和八丈方言。其中大多數人理解的共通語為東京方言。。 此外，日本國內還有部份少數民族語言，主要是在琉球群島地區的琉球語和愛努語 。其中被联合国教科文组织列為濒危语言的有奄美大岛语、國頭語、沖繩語、宮古語、八重山語和與那國語。日本的地方政府也致力挽救這些濒危语言。另外，儘管日本官方部份認可日本手語的地位，但出於過去的歧視性政策、並缺乏教育性支持，因此其使用受到阻礙。 英語是日本國高中的必修課，並被視為商務和國際交流的重要共通語言。到了2020年，英語教育開始延伸至日本的小學到四年級。而在部份高中也可選修華語、韓語、法語、德語等。
247418,日本,宗教信仰,0,神道與佛教是日本的主要宗教。現在大多數日本人心理上并沒有特定的宗教信仰，但是日本人生活中的許多儀式和活動都與神道和佛教有著密切的關係，例如婚禮、喪禮等。《日本書紀》記述，佛教于552年傳入日本，其後在圣德太子的積極推广下在日本迅速传播开来。神道則是在日本本土所發展出來的宗教，神社是祭神的場所，神道最主要的神為天照大神，是日本皇室的祖靈，此外，也認為自然界萬物皆有神。目前最多日本人信奉神道，佛教排第二，由於幾個世紀以來的神佛習合，許多人同時信奉神道與佛教。 基督宗教在1549年進入日本（當時的傳教士均屬天主教會），至17世紀初大約有75萬名教徒；然而後來德川幕府實行禁教政策，並迫害信徒及傳教士，直到19世紀後期日本解除鎖國後，傳教活動才再次興盛於日本。現在日本經過正式受洗的基督宗教信徒不超過總人口的1%，但因其常佔有較高社經地位，故社會影響力遠大於此比例，其中最大的宗派為日本基督教會（新日基）。 伊斯兰教在20世纪初期從奧斯曼帝國传入日本，目前日本的穆斯林约有12.6万人，以外籍人士居多，日籍穆斯林不足一万。分别在东京、神户、名古屋和福冈四地拥有一定规模的清真寺，其中以东京清真寺最为著名
247418,日本,宗教信仰,1,）。 伊斯兰教在20世纪初期從奧斯曼帝國传入日本，目前日本的穆斯林约有12.6万人，以外籍人士居多，日籍穆斯林不足一万。分别在东京、神户、名古屋和福冈四地拥有一定规模的清真寺，其中以东京清真寺最为著名。
247418,日本,醫療,0,日本的醫療保險制度始建于1922年，當時新通過的健康保險法建立了以受僱者爲對象的醫療保險制度，其後1938年頒布的《國民健康保險法》則建立了以自營業者、農民爲對象的國民健康保險制度。1961年，日本政府提出所有國民都有義務加入國民健康保險，從而日本實現了全民醫療保障。1973年，70歲以上長者開始獲政府提供免費醫療服務，同年也新設了高額治療護理費支付制度和提高了分娩費和喪葬費。日本的醫療保險主要分為國民健康保險（地區保險）和受僱者保險，前者覆蓋普通國民，如農民、自僱人士和退休人士等，後者則只覆蓋現職人士。兩種保險均需要患者負擔一定比例的費用，但是只要在社會保障指定醫院看病，受僱者保險將會負擔其診療費80%，而地區保險也會負擔醫療費的70%、門診費的70%和退休人員住院費的80%，病人也可以自己選擇屬意的醫生和醫院。
247418,日本,教育,0,"日本實行小學校6年、中學校3年的義務教育，大部分學生在接受完義務教育後還會繼續進入高等學校。2010年高等學校就學率為98%，位列全球第一，大學就學率也高達45.5%。日本的識字率亦為全球之冠，達到99%。第二次世界大战之后，日本陆续开始普及6年小学，3年中学的9年制义务教育。1970年代，高中教育普及化，直到20世纪末，大学教育也开始逐步普及。 21世纪開始，日本将教育大众化逐步迈向重点发展研究生教育，目標是要把研究生的人数從20世纪末的10万翻增加至20万。国民终身教育也是21世纪日本教育的新亮点，公民馆、图书馆、博物馆等公共教育文化体系已经遍布日本各地。學校皆有配設校園護理站，作為學生傷病時的第一時間對策中心。 日本的小學校和中學校幾乎都有戶外操場，不過高校則不一定。大約90%學校有健身室，85%學校有戶外游泳池。截至2006年，日本有青少年活动中心1,320个，公民馆17,143个，博物馆1,196个和公共图书馆2,979个。"
247418,日本,文化,0,日本為一島國，地處東亞大陸的東北面，與朝鮮半島、中國東北地區及西伯利亞隔着日本海對望，特殊的地理位置使其文化一直與東亞大陸文化保持着自身獨特性。日本一方面不斷吸收外來文化，另一方面亦有自身的特色。自公元4世紀到9世紀，就有渡來人帶來東亞文化。往后日本的遣隋使和遣唐使為日本帶來了漢傳佛教文化，如花道、茶道和香道都是伴隨著漢傳佛教傳到日本的，是日本傳統藝術的重要一環，並稱為日本的「雅道」。隨後到10世紀左右，日本與東亞大陸的交流變少，開始發展具有獨自特色的國風文化，京都成為日本的文化中心日本建築也透過漢傳佛教而受中國建築所影響。 16世紀中葉，歐陸文化傳到日本，後來因貿易保護政策和基督教禁令，使歐陸文化在日本的傳播停滯。直至19世紀，日本才在美國的外交壓力下签署日美神奈川条约（日美和親条約），开放了下田及箱馆两港口通商，歐陸文化在日本才得以重新復興，後來更成為日本文化的重要一員。明治维新時期，日本實施多項現代化改革，在掌握當時先進國家的學術及文化的同時，全國亦在進行大規模工業化和都市化，使國力大幅攀升。伴随着經濟好景，日本文化生態亦有所起色，有大批傑出的文學作家及藝術家的出现。大正時期經濟
247418,日本,文化,1,日本實施多項現代化改革，在掌握當時先進國家的學術及文化的同時，全國亦在進行大規模工業化和都市化，使國力大幅攀升。伴随着經濟好景，日本文化生態亦有所起色，有大批傑出的文學作家及藝術家的出现。大正時期經濟景氣，這段時期日本引進了美國不少流行文化，如音樂、電影等。1920年代以後，日本法西斯政體确立，對外來文化實施嚴格的限制。同盟國在戰後日本實行民主化，放寬了對外來文化的限制，維持了其多元性。 近年來日本的文化邁向國際化，動漫和電子遊戲在海外擁有很大的影響力。日本目前共有17項世界遺產，其中13項是文化遺產、4項是自然遺產。日本與英國和美國一同被譽為「世界文化大國」。
247418,日本,文學,0,日本最早的典籍，如古事記和日本書紀等都是采用漢字書寫，直到平安時代才出現日本特有的仿汉字草书和部首的假名文字。紫式部的著作《源氏物語》是世界上第一部長篇小說，织入近八百首和歌抒情、状物，使歌与文融为一体，行文典雅，被誉为日本物语文学的高峰之作。和歌是日本特有、以假名寫作的一種詩歌，通常由5韻、31個假名組成，形式短小、精炼，意蕴含蓄而悠远，追求表现禅的审美理想和美的境界，《萬葉集》是日本現存最早的詩歌總集，享有「日本詩經」的美譽，詩集共二十卷，收錄詩歌四千五百餘首。俳句也是日本獨特的一種文學體裁，使用簡約的文字抒發豐富情感，並喚起更多的聯想。其中又以被譽為「俳聖」的松尾芭蕉最為出名。他的《奧之細道》描繪自江戶城到岐阜縣的所見所聞與沿途景色，被視為日本文學史上的經典作品。明治以後，日本文學受西方影響，出現夏目漱石、泉鏡花、與謝野晶子、國木田獨步、森鷗外、芥川龙之介、谷崎潤一郎、三岛由纪夫、江戶川亂步、宮澤賢治、樋口一葉、太宰治、司馬遼太郎，以及有「雙村上」之稱的村上春樹及村上龍等知名作家。 日本有兩位諾貝爾文學獎得主，分別是川端康成（1968年）和大江健三郎（1994年）。
247418,日本,艺术,0,日本繪畫有單色畫和雙色畫之分，而浮世繪是日本畫中最廣為人知的一種。浮世繪是江戶時代以江戶為中心發展的版畫藝術，初期的浮世繪多為多色印刷木版畫，直到18世紀中葉以後才發展到精緻的多色套印。江戶末期，日本人對西方世界的興趣上升，描寫外國人日常生活的浮世繪數量急升。當時交通和通訊均不發達，浮世繪還發揮向各個地方傳遞資訊的作用：歌舞伎演員去世、自然災害、犯罪等社會新聞都成為浮世繪的創作題材，描繪大名鼎鼎的武士、怪談裏的幽靈和妖怪的浮世繪也十分受歡迎。浮世繪對西方的印象派藝術產生不少影響，江戶時期的畫作是目前各國收藏者的熱門。 日本漆器工藝在世界享負盛名，漆器的英語別稱「Japan」就來自日本的英文國名。日本漆器的特色是以金銀作為裝飾花紋，即所謂的「蒔繪」，以金、銀屑嵌貼於漆液中，乾後推光處理，表現出極盡華貴的金銀色澤，有時並以螺鈿、銀絲、沈金嵌出花紋花鳥草蟲或吉祥圖案，具有極高的藝術價值。日本的现代漆器内容丰富多彩，表现手法创新，融入不少抽象的艺术技法，也能夠反映日本人精致细腻的民族特点。漆器在日本由建筑装饰到家具和餐具都經常使用得到，其工藝技術也廣泛用于陶瓷、液晶电视面板和电源开关等不同的領
247418,日本,艺术,1,代漆器内容丰富多彩，表现手法创新，融入不少抽象的艺术技法，也能夠反映日本人精致细腻的民族特点。漆器在日本由建筑装饰到家具和餐具都經常使用得到，其工藝技術也廣泛用于陶瓷、液晶电视面板和电源开关等不同的領域上，在日本人的生活中佔有很重要的地位。日本較有名的漆器包括越前漆器、木曾漆器、輪島涂和镰仓彫等。 日本傳統的表演藝術有歌舞伎、能劇、狂言、文樂、漫才、落語等，當中歌舞伎起源於战国时代末期，擁有悠久的歷史，是聯合國非物質文化遺產之一，內容多關於歷史事件和戀愛關係的道德衝突，其特色在於演員只有喬扮女裝的男性，在演出時扮演小姐、姑娘等年輕女性，連聲音、姿態、感情也必須女性化，是日本最受歡迎的舞台藝術之一，也比能劇更大眾化。同樣為世界非物質文化遺產的文樂是一種木偶戲，又名「人形淨琉璃」，在1684年發祥於大阪道頓堀，並曾在18世紀掀起熱潮，受歡迎程度一度壓過歌舞伎。文樂的表演內容是以描寫嚴肅的內心故事為中心而發展出的長篇戲劇，有些作品需花費一整天上演。文樂的特別之處在於世界上大部份木偶劇都會隱藏操縱木偶的人，但在文樂中操縱木偶的人可以光明正大地出現在觀眾面前。
247418,日本,媒體,0,日本是世界第一報業大國，報紙在日常生活中擁有很高的地位，世界上仅有的兩份日發行量超過一千萬份的報紙《讀賣新聞》與《朝日新聞》皆為日本報紙。現在日本共有五家全國性報紙，分別是《讀賣新聞》《朝日新聞》《每日新聞》《日本經濟新聞》和《產經新聞》。地方報也有相當實力，其中以《中日新聞》發行量最大。 日本家庭的電視滲透率達99.7%。由于法令限制，能覆蓋日本全國的電視台只有屬於公共媒體的日本放送協會（NHK），而五間最主要的商業媒體則包括日本電視台、朝日電視台、TBS電視台、東京電視台和富士電視台，形成公營及民營媒體并存的「1+5」雙元結構。五大民營電視台稱為核心局，各核心局在日本全國各地出資或協助成立地方電視台，各自實行本地播放與獨立編制。除了新聞報導和少數特別節目外，日本大多數電視節目均以「製播分離」的方式經節目製作公司統一製作節目，再由核心局透過電視聯播網與地方電視台進行共享播放。日本放送協會定期向居民以及商戶徵收電視費，因此日本基本上沒有免費電視台。 日本是亞洲首個完成電視數碼化的國家。日本大部分地區的電視台已經於2011年7月24日由模擬電視制式轉換為數碼電視，受東日本大震災影響的岩手
247418,日本,媒體,1,定期向居民以及商戶徵收電視費，因此日本基本上沒有免費電視台。 日本是亞洲首個完成電視數碼化的國家。日本大部分地區的電視台已經於2011年7月24日由模擬電視制式轉換為數碼電視，受東日本大震災影響的岩手縣、宮城縣和福島縣的地方電視台亦於2012年3月31日終止模擬廣播，象徵日本正式邁入電視數碼化時代。
247418,日本,影視,0,1939年，日本首次對外播出電視訊號、並於1950年代成立各種電視台。是世界最早播出電視的國家。日本主要的電視收視系統為無線電視，收費電視系統則是以WOWOW和Sky PerfecTV! 為代表的衛星電視較為普及，各大無線台也有自己的衛星電視頻道。日本的無線電視以6大電視網為首，部分地區尚有不屬於6大電視網的獨立電視台。根據2015年NHK的調查發現，79%的日本人每天都會收看電視。日本電視劇在日本國內外皆有相當數量的觀眾。 日本電影已經有超過一百年以上的歷史，是世界上最歷史最悠久且最龐大的電影產業。著名的作品有黑澤明的《羅生門》、本多豬四郎的《哥吉拉》等。自千禧年後電視台也開始投資電影行業，走出了日本電視劇──劇場版模式，現時日本電影界多數電影都是由電視台和電影公司聯合製作發行，由電影公司單獨發行的影片已經越來越少，電視台已經構成日本電影界的核心力量。 近代日本漫畫源於18世紀，其於1950年代成為日本出版業的主流、並在1970年代輸出海外。日本部份最暢銷的漫畫系列甚至可與美国漫畫匹敵。日本動畫最早始於1917年、於1980年代漸為社會接受、並於1990年代-2000年代在受到海外觀
247418,日本,影視,1,50年代成為日本出版業的主流、並在1970年代輸出海外。日本部份最暢銷的漫畫系列甚至可與美国漫畫匹敵。日本動畫最早始於1917年、於1980年代漸為社會接受、並於1990年代-2000年代在受到海外觀眾的關注。2001年，動畫片佔據日本電影市場的7%收入、動畫DVD佔近七成的日本DVD銷量。日本的動漫文化，也創造不少獨特的名詞，例如熱衷及博精於ACG的「御宅族」。
247418,日本,音乐,0,日本的傳統音樂被稱為邦樂，包括雅樂、聲明、神樂、演歌等。邦樂的演奏樂器種類繁多如三味線、尺八、能管（橫笛）、箏、笙、和太鼓等，琵琶由中國傳入日本後，也發展出不同的形式。十九世紀末期，西方音樂進入日本，給日本音樂帶來很大的影響，昭和後期開始產生融合西方元素與日本特色的卡拉OK和J-POP（日本流行音樂）。 現代日本流行音樂基本上從日本傳統音樂演變而成，最早可以追溯到1960年代。當時西方搖滾音樂類型開始興起，披頭四和海灘男孩等組合對日本流行音樂產生影響。1970年代晚期，日本新浪潮開始改變日本流行音樂走向，最終在1980年代末，J-POP取代歌謠曲成為日本流行音樂的主流。2000年代初，宇多田光、滨崎步、倉木麻衣三人的出道取得相當成績、席捲亞洲歌壇。華語圈稱三人為「平成三大歌姬」。2010年代，以嵐和AKB48為首的偶像團體，在日本音樂界獲得成功。不同團體間的激烈競爭盛況，也使這段期間被形容為「戰國時代」。隨著電腦網路技術發展，除VOCALOID和初音未來等虛擬歌手應運而生外，日本流行音樂也開始朝向網路發展。2018年，串流平台收入佔日本市場總收入過半數。日本動畫音樂在動畫產業影響下，也
247418,日本,音乐,1,為「戰國時代」。隨著電腦網路技術發展，除VOCALOID和初音未來等虛擬歌手應運而生外，日本流行音樂也開始朝向網路發展。2018年，串流平台收入佔日本市場總收入過半數。日本動畫音樂在動畫產業影響下，也在日本流行音樂佔有一席之地。除了在日本全國性的Oricon公信榜長期榜上有名外，日本規模最大的動畫音樂會「Animelo Summer Live」入場人次，2015年高達八萬一千人。水樹奈奈和宮野真守等動畫聲優也曾獲得排行榜冠軍2014年，著名音樂節目《MUSIC STATION》公佈的「十大最受歡迎歌曲」中，有六首來自《LoveLive!》、《歌之王子殿下》、《偶像大師》等動畫作品歌曲。 截至2011年，日本是世界第一大實體音樂市場，市場年產值達31億美元，佔世界市場30%，而包括數位販售在內的總唱片市場年產值也達到41億美元，佔世界市場之25%，僅次於美國排名第二。
247418,日本,饮食,0,日本料理，又稱和食，以强调食物的季节性、食材的质量和表现力而闻名，並在2013年被聯合國教科文組織以「和食—日本人的傳統飲食文化」的名稱列為世界非物質文化遺產。 传统的日本料理主食是米饭與汤，再配上其他菜肴，例如鱼，肉，蔬菜，酱菜等。料理的名称则是用这些菜肴的数目来命名。最常见的料理組合為一汁三菜：即汤，米饭、一碟主菜和兩碟副菜。當中这三碟菜通常是一碟生鱼片，一碟烤菜，和一碟水煮菜，有的则是蒸菜，炸菜，醋菜，或是淋上酱料的菜，另外附上绿茶和梅乾等醬菜。隨著時代變化，更簡單的一汁一菜也開始流行。 據日本食品餐廳海外推廣機構歸納指出，日本料理的代表性食物包括壽司、天婦羅、壽喜燒、涮涮鍋、味噌湯、烏龍麵、荞麦面、吉列豬排等。咖喱从英属印度传入日本后，被广泛食用，并在适应本土化过程中发展为日式咖喱，在日本堪称與壽司和拉麵相稱的国菜。傳統日式甜點則被稱為和菓子。其於江戶時代開始流行，以甘甜適中、適於配茶、以及漂亮的外觀而受到歡迎；主要原料為米、豆、米穀粉、麵粉、砂糖、寒天、葛粉、栗、芋類、柿子、梅子、芝麻、抹茶、雞蛋等。日本流行的饮料包括日本酒，是一种由大米酿造的饮料，酒精含量一般为14-17%
247418,日本,饮食,1,配茶、以及漂亮的外觀而受到歡迎；主要原料為米、豆、米穀粉、麵粉、砂糖、寒天、葛粉、栗、芋類、柿子、梅子、芝麻、抹茶、雞蛋等。日本流行的饮料包括日本酒，是一种由大米酿造的饮料，酒精含量一般为14-17%，由大米多次发酵而成。17世纪末，日本开始酿造啤酒。
247418,日本,节日与假日,0,从官方角度来看，日本共有16个受到政府认可的全国性节假日。日本的公众假期遵循1948年颁布的《國民假日法》的相关规定。自2000年起，日本开始实行“快乐星期一制度”，即将部分国家节假日调整至周一，以便民众能够享受更长的周末时光。日本的全国性节假日包括：1月1日的新年、1月第二个星期一的成人之日、2月11日的建国纪念日、2月23日的天皇诞生日（随今上天皇的变化而变化）、3月20日或21日的春分之日、4月29日的昭和之日、5月3日的宪法纪念日、5月4日的绿之日、5月5日的儿童之日、7月第三个星期一的海之日、8月11日的山之日、9月第三个星期一的敬老之日、9月23日或24日的秋分之日、10月第二个星期一的体育之日、11月3日的文化之日，以及11月23日的勤劳感谢之日。除此之外，日本还有其他许多无假期的特有传统节日，如初午，各地亦有地方性节日与庆典。
247418,日本,體育,0,日本自古以來即重視各種武術，相撲是日本的傳統運動，在《古事記》和《日本書紀》中已有記載，且有「國技」之稱。現在日本每年舉行6次大相撲競賽；相撲運動員被稱為「力士」，其中等級最高者為「橫綱」。 除此之外，柔道、空手道、劍道和弓道也是日本的傳統體育項目，擁有很高的地位。空手道是日本传统格斗术结合琉球武术唐手而形成的，起源于日本武道和其琉球地区的唐手。唐手是中国武术传入琉球，结合当地武术琉球手发展而成的，而日本本土人又将九州、本州的摔、投等格斗技与唐手相结合，最终形成空手道。二战之后通过美军宣传而在全世界广泛传播。空手道当中包含踢、打、摔、拿、投、锁、绞、逆技、点穴等多种技术，一些流派中还练习武器术。柔道、空手道甚至影響不少外國武術，如韓國的跆拳道受空手道部份影響，柔道則影響巴西柔術和俄羅斯擒拿術。 明治維新後，西方體育運動透過教育系統進入日本并普及，其中以棒球最為發達盛行，始于1936年的日本職業棒球聯賽孕育王貞治、長島茂雄、鈴木一朗等棒球巨星，在日本享有“國球”地位。除了職業棒球之外，由高中生參加的選拔高等學校野球大會（春季甲子園大賽）與全國高等學校野球選手權大會（夏季甲子園大賽）也頗負
247418,日本,體育,1,職業棒球聯賽孕育王貞治、長島茂雄、鈴木一朗等棒球巨星，在日本享有“國球”地位。除了職業棒球之外，由高中生參加的選拔高等學校野球大會（春季甲子園大賽）與全國高等學校野球選手權大會（夏季甲子園大賽）也頗負盛名，全國超過4000所高中當中只有獲得各地區冠軍的49所學校能夠突圍而出，在兩周的比賽中決出冠軍，因此在甲子園登場代表高中生的“終極榮耀”，甲子園亦被視為日本體育乃至日本精神的一種象徵。 日本的職業足球聯賽成立于1992年，平均每年有30萬人次入場觀賽，而日本也在2002年與韓國共同舉辦韓日世界盃。日本國家足球隊是亞洲實力最強的足球隊之一，總計贏得4次亞洲盃，並連續6屆殺入世界盃决赛圈，水平與歐洲次級國家看齊；日本國家女子足球隊也在2011年女足世界杯决赛取得冠军，成为首支赢得女足世界冠军的亚洲球队。時至今日，西方的高爾夫球、網球、滑雪等運動在日本也頗為流行。
21696,東京都,Introduction,0,"東京都（日語：東京都／とうきょうと，羅馬化：Tōkyō to）是位於日本關東地方的一級行政區，也是日本事實上的首都，是日本唯一以「都」命名的行政區。面積在都道府縣等日本一級行政區中排名第45位，但日本最南端（冲之鸟岛）和最東端（南鳥島）均位於其轄區內，因此擁有日本各一級行政區中最大的經緯度跨度。截至2024年，全境人口達1,420萬，是日本人口最多的一級行政區。 東京都轄有23區（特別區）、26市、5町、8村，其中都廳所在地為新宿區。實務上，東京都可分為3大構成區塊，分別為東京都區部、多摩地域與東京都島嶼部（簡稱島嶼部）。東京都區部包括所有23個特別區，相當於前東京府東京市的轄區範圍，也是一般狹義上「東京」所指的範圍。多摩地域指東京都在本土之轄區中特別區以外的部分，包括26市、3町、1村。島嶼部則包括伊豆群島、小笠原諸島等由東京都管轄的太平洋島嶼，設有4個支廳。多摩地方和島嶼部合稱為「東京都下」。 東京都在2019年時是世界GDP總量第一的都市，亦是日本經濟、文化、政治、交通的中心。以東京都為核心的日本首都圈人口超過3,800萬人，約佔日本人口的三成，也是世界第一大都會區。東京都亦被認"
21696,東京都,Introduction,1,"都下」。 東京都在2019年時是世界GDP總量第一的都市，亦是日本經濟、文化、政治、交通的中心。以東京都為核心的日本首都圈人口超過3,800萬人，約佔日本人口的三成，也是世界第一大都會區。東京都亦被認為是世界上最重要的全球都市之一。據日本民間智庫森記念財團在2022年的排名，東京在世界都市綜合競爭力排行中位列第三，僅次於倫敦及纽约。據經濟學人信息社在2019年的全球宜居城市排名，在調查對象城市中，東京是排名第二位的宜居都市。"
21696,東京都,象徵,0,東京都旗啟用於1964年，其底色是江户紫，中央置白色的東京都徽，旗幟長寬比是2:3。東京都徽啟用於1889年，也是舊東京市市徽的圖案。其外觀意為太陽發出六道光芒，象徵東京是日本的中心，並祈求東京的發展。東京都在1943年取代東京府及東京市之後，繼承使用了東京市徽，而非東京府徽。除了都徽之外，東京都在1989年啟用了象徵標誌，其外形取自於「Tokyo」的首字母「T」，由三個相同圓形的圓弧構成，顏色使用綠色，象徵東京都的躍動、繁榮、滋潤、安寧。這一標誌廣泛使用在都營地鐵、都營巴士等東京都政府相關的車輛上。 因1898年10月1日是東京市設立的日子，每年10月1日是東京都民之日。3月10日則是東京都和平之日（源於1945年3月10日東京大空襲）。東京都花是誕生於染井村（現豐島區駒込）的櫻花品種染井吉野櫻，都木是由東京都民選出的銀杏。都鳥是每年秋冬在東京越冬的紅嘴鷗。東京都歌制定於1946年，由原田重久作詞、加須屋博作曲。
21696,東京都,地形,0,東京都在本土的部分，東西寬度約有85公里，南北長度約有25公里。1982年時，東京都的土地面積中有39.2%是山地、7.6%是丘陵、29.1%是台地、12.7%是低地、11.4%屬於其他地形（多是填海地）。在土地利用方面，2000年時，東京都有35.8%的土地是森林、0.2%是水田、3.9%是旱田、48.8%是市街地、11.3%是其他用地。 東京都區部及多摩地方的地形由東至西可以大致分為中川低地、武藏野台地、多摩丘陵、關東山地四個部分。中川低地位於武藏野台地和下總台地之間，包括了東京都區部的東部地區，是由利根川分流江戶川、荒川等河川沖積形成。在江戶川區、江東區等地有大片海拔高度低於0公尺的地區。武藏野台地包括了東京都區部西部和多摩地方東部地區，是更新世時形成的平原因隆起運動而形成的台地。武藏野台地的東部有眾多河流沖刷形成的小型谷地，東京三大副都心之一的澀谷就屬於這種地形。這些河谷地形也是東京都區部的西部地區有眾多坡道的原因。多摩丘陵是武藏野台地和關東山地之間的過渡地帶，其西端至高尾山麓，東端至町田市，主要由第三紀地層構成。多摩地方西部則屬於形成於古生代至中生代的關東山地，其部分地區被劃
21696,東京都,地形,1,"京都區部的西部地區有眾多坡道的原因。多摩丘陵是武藏野台地和關東山地之間的過渡地帶，其西端至高尾山麓，東端至町田市，主要由第三紀地層構成。多摩地方西部則屬於形成於古生代至中生代的關東山地，其部分地區被劃入富士箱根伊豆國立公園、秩父多摩甲斐國立公園、明治之森高尾國定公園。東京都的最高峰是位於東京都、埼玉縣、山梨縣交界處的雲取山，標高2,017.13公尺。東京都的多摩地方在關東山地和關東平原的交界處有較多活斷層存在。東京都區部的地表被較新的堆積物覆蓋，同樣有活斷層存在但較難發現，並且是都市直下型地震的原因。 東京都的島嶼包括了伊豆群島和小笠原群島，以及無人定居的火山列島、西之島、南鳥島、沖之鳥島。伊豆群島位於東京本土以南120至600公里的海域上，包括大島、利島、新島、式根島、神津島、三宅島、御藏島、八丈島、青島九個有人居住的島嶼，以及超過100個無人島。伊豆群島都是火山島，火山活動十分活躍，其中又以大島的三原山和三宅島的雄山活動最為頻繁。小笠原群島由聟島列島、父島列島、母島列島三個群島構成，其中面積最大的是父島，面積23.45平方公尺。由於其遠離其他陸地的地理環境，小笠原群島有「東洋的加拉"
21696,東京都,地形,2,中又以大島的三原山和三宅島的雄山活動最為頻繁。小笠原群島由聟島列島、父島列島、母島列島三個群島構成，其中面積最大的是父島，面積23.45平方公尺。由於其遠離其他陸地的地理環境，小笠原群島有「東洋的加拉帕戈斯」之稱，擁有極為豐富的自然生態系統，在2011年入選世界自然遺產。位於小笠原群島西側的西之島自2013年開始發生多次火山噴發，使面積擴大至4.1平方公里。火山列島位於小笠原群島南側，最大島嶼是硫磺島，在二戰時這裡曾是硫磺島戰役的戰場。沖之鳥島和南鳥島都是孤立島嶼，前者是日本領土最南端，後者是日本領土最東端。憑藉島嶼地區的經緯度跨度，日本約三成的專屬經濟區由東京都管轄。 東京都海岸線長度有763.9公里，其中東京灣沿岸海岸線長193.8公里，幾乎全部都是人工海岸。自江戶時代開始，德川幕府就通過挖掘神田山台地的土砂進行填海造地。日本橋、新橋等地都是江戶時代的填海地。明治至二戰時期，東京通過填海獲得了月島等新土地。二戰結束後，駐日盟軍總司令部（GHQ）通過填海對東京國際機場（羽田機場）進行了大規模擴建。東京都最大規模的填海造地開始於1955年，以羽田機場所在地大田區及江東區的填海地面積最大
21696,東京都,地形,3,海獲得了月島等新土地。二戰結束後，駐日盟軍總司令部（GHQ）通過填海對東京國際機場（羽田機場）進行了大規模擴建。東京都最大規模的填海造地開始於1955年，以羽田機場所在地大田區及江東區的填海地面積最大。江東區有超過70%的面積都是填海地。東京的填海地中有眾多是垃圾填埋場用地，典型案例有夢之島。
21696,東京都,水文,0,東京都內共有107條河川，總長度約858公里。這些河川中有92條河川是一級河川，分屬多摩川水系、荒川水系、利根川水系、鶴見川水系。15條河川是二級河川。隅田川、荒川等水量較多的河川流經的東京都東部也是地勢較為低窪的地區，在歷史上多次發生水害。在江戶時代，幕府就通過變更荒川流路來治水，並在這一地區修建堤防，但也導致荒川上游洪水頻率提高。東京都自1911年開始著手修建荒川放水路，以便於荒川在洪水發生時進行洩洪。現在東京都在這一地區通過修建高規格堤防等措施以防止洪水災害的發生。自17世紀開始，江戶幕府修建了玉川上水等多個水渠從多摩地區引水，為江戶提供引用水源，現在仍在使用。位於東京都和山梨縣交界處的奧多摩湖是一座由小河內大壩形成的人工湖，也是東京都重要的水源。
21696,東京都,氣候,0,"東京都的氣候屬於太平洋側氣候，按柯本氣候分類法則屬於副热带湿润气候。東京在夏季受到太平洋高氣壓的影響，氣候高溫多濕，較為悶熱。冬季受到西伯利亞高氣壓溢出的西北季風的影響，氣候少雨乾燥。東京都大部分降水分佈在梅雨及秋季的颱風、秋霖時期。春季和秋季則受到低氣壓、高氣壓交替通過日本上空的影響，天氣以數日為週期進行變化。受到都市化的影響，東京都熱島效應明顯，導致東京都心和郊外地區溫差較過去有明顯擴大。自1901年開始的100年內，東京的平均氣溫上升了3攝氏度。受都市溫暖化產生的上升氣流和海風的影響，東京都區部西側的環狀八號線附近地區在夏季時有發生積亂雲，導致局部容易發生短時間豪雨。 伊豆群島受到黑潮的影響，氣候高溫多濕，其夏季氣溫和東京都本土相差無幾，但冬季比東京都本土更加溫暖，年降水量超過3,000毫米。小笠原群島的氣候接近熱帶氣候，全年氣候溫暖，溫差較小。小笠原群島在春夏之交也受到太平洋高氣壓支配，因此並無梅雨，年降水量略少於東京都本土的平均值。"
21696,東京都,江戶時代之前,0,東京都在舊石器時代就已經有人類活動。在東京都本土的舊石器時代遺跡還發現了來自神津島的黑曜石，顯示這一時期本州島已經和伊豆群島之間展開交流。秋留野市的前田耕地遺跡是繩紋時代初期遺跡，考古學家在這裡發現了土器及當時的住宅痕跡。東京都島嶼地區歷史最古老的遺跡是伊豆大島的下高洞遺跡，其歷史同樣可追溯至繩紋時代早期。位於品川區、大田區交界處的大森貝塚是東京都內代表性的繩紋時代末期遺跡，顯示當時東京地區的人類活動範圍已經擴大到海岸。 在文京區彌生的贝塚發現的土器是日本最初發現的彌生式土器，「彌生」這一地名也成為彌生時代的語源。彌生時代和繩紋時代最本質的不同在於人類的食物來源從狩獵改為農耕為主。在北區飛鳥山發現的環濠遺跡是東日本最大規模的弥生時代中期環濠遺跡。4世紀時，東京地區開始出現前方後圓墳，開始進入古墳時代。東京地區最初的古墳群出現在多摩川下游。大田區的田園調布古墳群和世田谷區的野毛古墳群合稱為荏原台古墳群，是東京都內最大的古墳群。 飛鳥時代後期實施律令制後，東京都本土部分均屬武藏國。當時的武藏國國府位於現在的府中市，武藏國府遺跡和武藏國分寺遺跡現均已判明地點，並進行了考古發掘。9世紀後律令制
21696,東京都,江戶時代之前,1,原台古墳群，是東京都內最大的古墳群。 飛鳥時代後期實施律令制後，東京都本土部分均屬武藏國。當時的武藏國國府位於現在的府中市，武藏國府遺跡和武藏國分寺遺跡現均已判明地點，並進行了考古發掘。9世紀後律令制走向瓦解，武藏國被捲入平將門之亂，地方豪族開始成為武藏國的支配勢力。平安時代後期，武藏國是武士團勢力武藏七黨的勢力範圍。現存文獻記載中最早使用「江戶」一詞的武藏江戶氏也是這一時期的武士團之一。1180年（治承4年），武藏江戶氏第二代當主江戶重長投降源賴朝，江戶氏成為源氏的下屬勢力。至12世紀，江戶一族已廣泛佔據武藏國的江戶灣沿岸地區。13世紀後，北條氏成為武藏國新的統治者。進入14世紀後，包括武藏國在內的關東地方先後經歷南北朝和戰國時代的長期混戰。 1476年（文明8年），武藏國割據勢力之一的扇谷上杉家家宰太田道灌修築了江戶城。太田在江戶築城的同時還在江戶城下的河口地區開闢港口，令江戶城下成為貿易據點。但太田在1486年（文明18年）被暗殺，江戶再次陷入戰亂。1520年代，後北條氏控制了武藏、相模等國，成為關東地方最大勢力。1582年（天正18年），北條氏照開始修建八王子城，作為後北條氏本
21696,東京都,江戶時代之前,2,貿易據點。但太田在1486年（文明18年）被暗殺，江戶再次陷入戰亂。1520年代，後北條氏控制了武藏、相模等國，成為關東地方最大勢力。1582年（天正18年），北條氏照開始修建八王子城，作為後北條氏本城小田原城的支城使用。1590年（天正18年），後北條氏在小田原之戰中投降豐臣秀吉，宣告滅亡。此後豐臣秀吉將德川家康轉封至關東地方。德川家康決定選擇當時規模較小的江戶城作為新領地的經營據點，並對江戶城進行全面擴建開發。同時德川家康還對江戶城附近的低濕地帶進行排水，並挖掘運河，以開發市區。德川家康還令大久保忠行修建了神田上水，確保江戶的飲用水。
21696,東京都,江戶時代,0,德川家康在關原之戰獲勝後，於1600年（慶長5年）就任征夷大將軍，開啟了江戶時代，江戶因此一躍成為日本的中心。1603年（慶長8年）開始，德川家康下令利用神田山的土石填埋水路，以擴大江戶市區用地。而江戶城的重建工作則開始於1606年（慶長11年）。在重建江戶城及擴充平民居住的城下町的同時，德川幕府對大名及旗本的屋敷地進行重新劃分，並且令寺社搬遷至江戶的外沿部。農民的土地也被德川幕府徵收或交換至其他土地，以為不斷擴張的江戶提供土地。 17世紀初期，江戶的城市結構已經成型。江戶時代的日本社會有著極為森嚴的階級規定，江戶的市民亦按照身份而居住在不同地區。而各階層居住的地區亦有著不同的行政結構。當時平民居住的地區被稱為町人地，由兩名町奉行負責管理。武士居住的地方被稱為武家地。寺廟、神社等宗教場所則是寺社地。町人地雖然只佔江戶面積的約15%，但佔據江戶約半數的人口。江戶城外的江戶四宿（千住宿、板橋宿、內藤新宿、品川宿）是距江戶最近的宿場，既是交通和資訊的節點，也是江戶市民重要的娛樂場所。1818年（文政元年），德川幕府將江戶的範圍正式定為朱引內的地區，東至中川、西至神田上水、南至南品川、北至荒川
21696,東京都,江戶時代,1,、內藤新宿、品川宿）是距江戶最近的宿場，既是交通和資訊的節點，也是江戶市民重要的娛樂場所。1818年（文政元年），德川幕府將江戶的範圍正式定為朱引內的地區，東至中川、西至神田上水、南至南品川、北至荒川及石神井川下游。同時德川幕府將町奉行管理的區域定為「墨引」，其大致位於朱引以內，但比朱引多出目黑附近地區。 1657年（明曆3年）3月2日至3月4日，江戶發生明曆大火。這次大火的起火地點是本妙寺，包括江戶城（西之丸除外）在內的江戶大部分地區都被燒毀。德川幕府在這次大火後對江戶進行了徹底的都市改造，將德川御三家的屋敷遷出江戶城，並在原址設立園林，作為延燒防止帶。同時德川幕府還命令武家屋敷、大名屋敷、寺社搬遷，並利用火災後的廢土填海，以提供這些設施的搬遷用地。德川幕府還在江戶城北部至西北部集中設置了防止大火延燒的空地火除地，並鼓勵修建耐火建築。設立消防組織定火消是德川幕府在明曆大火後另一防止大火發生的措施。至1704年（元祿17年）時江戶已有10組定火消。 在第5代征夷大將軍德川綱吉統治時期（1680至1709年），隨著商品經濟的發展，江戶的日本經濟中心地位得到強化。1634年（寬永11年）時
21696,東京都,江戶時代,2,生的措施。至1704年（元祿17年）時江戶已有10組定火消。 在第5代征夷大將軍德川綱吉統治時期（1680至1709年），隨著商品經濟的發展，江戶的日本經濟中心地位得到強化。1634年（寬永11年）時，江戶的町人（非武士）人口約有15萬人。1721年（享保6年）時，這一數字增加到超過50萬人。加上武士人口，江戶在18世紀初期成為人口百萬都市。但在綱吉統治時期，受禁止殺生的生類憐憫令影響，江戶郊外的中野等地曾設置收留流浪犬的犬小屋，給民眾造成經濟負擔。第6代征夷大將軍德川家宣上任後廢除了惡名昭著的生類憐憫令，犬小屋也因此廢除。 隨著人口的增加，江戶開始出現各種都市問題。對此第8代征夷大將軍德川吉宗在1717年（享保2年）任命大岡忠相為南町奉行，對江戶市政進行改革。吉宗還頒布了《奢侈禁止令》，實施緊縮貨幣政策，這一系列改革措施被稱為享保改革。但吉宗的經濟政策引發物價的劇烈變動，導致江戶陷入嚴重不景氣。1736年（元文21年）德川幕府實施金銀幣改鑄後，江戶的物價才趨於安定。但同樣在18世紀初期，江戶的町奉行設立了供貧困病人使用了免費療養設施養生所，是江戶最早的社會保障嘗試。1720年代後，德
21696,東京都,江戶時代,3,"不景氣。1736年（元文21年）德川幕府實施金銀幣改鑄後，江戶的物價才趨於安定。但同樣在18世紀初期，江戶的町奉行設立了供貧困病人使用了免費療養設施養生所，是江戶最早的社會保障嘗試。1720年代後，德川幕府在武藏野台地積極進行新田開發，以支援幕府財政並增加糧食供給。 18世紀後期，江戶資本已經發展至足以和上方（大阪及京都）資本分庭抗禮的規模。江戶的市民文化也不再被上方文化壓倒，開始向外輸出自己的獨特文化。1770年代後，江戶出現了蘭學熱潮，促進了日本醫學及科學的發展。1772年（明和9年），江戶發生明和大火，造成超過1萬人死亡或失踪。1787年（天明7年），受到自然災害頻發和大饑荒的影響，江戶發生天明暴動，範圍波及全江戶，導致德川幕府老中田沼意次被解職，成為寬政改革的契機。1806年（文化3年），江戶發生文化大火，超過7,000人死亡。19世紀初期的大御所時代是江戶的一個新的文化繁榮期。因寺子屋的普及，民眾的識字率有了大幅提高，為出版業及藝術的繁榮創造了條件 。浮世繪畫師葛飾北齋和歌川廣重都是這一時期的畫家。歌舞伎也在這一時期成為江戶庶民重要的娛樂方式。 歐美殖民者在19世紀前期的擴張"
21696,東京都,江戶時代,4,寺子屋的普及，民眾的識字率有了大幅提高，為出版業及藝術的繁榮創造了條件 。浮世繪畫師葛飾北齋和歌川廣重都是這一時期的畫家。歌舞伎也在這一時期成為江戶庶民重要的娛樂方式。 歐美殖民者在19世紀前期的擴張行動令日本沿海開始頻繁有外國船隻出沒，動搖了鎖國狀態。1841年（天保12年），第12代征夷大將軍德川家慶宣布進行天保改革。這次改革由老中水野忠邦主導。他實施了極為嚴格的強制節約政策，抑制人口流動。但時任江戶町奉行遠山景元和矢部定謙認為這些政策對江戶的繁榮無益，並未嚴格實施幕府的政策。水野因此撤換矢部，改派鳥居耀藏擔任町奉行，強化管制政策的執行，在江戶市民中惡評如潮。水野還全面強化對出版的管制，將江戶的無業遊民強制遣返回農村。水野認為江戶物價高漲的原因是中間商哄抬物價，因此強制解散中間商組成的壟斷聯盟株仲間，命令商品自由流通。但這反而惡化了經濟狀況。因並未獲得預期的成效，天保改革只進行了兩年就告結束。 1853年（嘉永6年）美國海軍將領馬休·佩里率領黑船來航後，德川幕府在江戶海岸修建品川台場，加強江戶在海上的防禦。1855年（安政元年）安政江戶地震後，江戶各地發生大火，受災嚴重。且橫濱開港
21696,東京都,江戶時代,5,告結束。 1853年（嘉永6年）美國海軍將領馬休·佩里率領黑船來航後，德川幕府在江戶海岸修建品川台場，加強江戶在海上的防禦。1855年（安政元年）安政江戶地震後，江戶各地發生大火，受災嚴重。且橫濱開港後因物資流出導致經濟蕭條，江戶市民的生活更加窘迫，城市治安也嚴重惡化，民眾對德川幕府的不滿與日俱增。1866年（慶應元年）6月和9月，江戶發生大規模暴動。翌年11月9日，第15代征夷大將軍德川慶喜宣布實施大政奉還，德川幕府的統治宣告終結。1868年（慶應3年）7月4日，彰義隊等舊幕府軍和新政府軍在上野爆發大規模衝突，是戊辰戰爭期間江戶規模最大的武裝衝突。 伊豆群島在江戶時代是德川幕府的直轄地，由伊豆代官統治。同時伊豆群島在江戶時代也是犯罪者的流放地。但這些流放者也為伊豆群島帶來了新技術，促進了伊豆群島的發展。
21696,東京都,東京府時代,0,明治新政權成立時，政府內部對首都地點的意見並不統一，大久保利通主張遷都大阪，而前島密主張遷都江戶。此後遷都江戶派逐漸佔據優勢，而大久保等人也接受了這一主張。1868年，日本政府宣布將江戶改名為東京，江戶城改作為皇居使用，實質遷都東京。但為緩和遷都後公家及京都地區的強烈不滿，明治新政權使用「奠都」而非「遷都」一詞，在名義上實行東西兩京制。1868年9月3日，東京府正式成立。同年和東京府接壤的近郊農村地區設立了武藏縣。東京府最初的管轄地區僅相當於江戶的町人地，而佔江戶面積約60%的武家地在當時幾乎是荒廢狀態。對此新政府在決定將武家屋敷開墾為桑田或茶田以換取外匯（但這些農田大多因收成欠佳而在後來改為農場），並將部分規模較大的屋敷改建為政府辦公場所或軍用地。現在的赤坂離宮、新宿御苑、明治神宫等大規模綠地也曾是武家屋敷。1871年廢藩置縣後，日本政府設立了新的東京府。在經過數次合併後。1873年時的東京府轄區範圍基本接近現東京都區部的範圍。 1868年東京開市後，明治政府曾在築地設置外國人居留地，但並未有太多外國人入住這裡。同年明治政府開始著手在銀座地區修建西洋風格的煉瓦建築街區，象徵文明開化。
21696,東京都,東京府時代,1,東京府轄區範圍基本接近現東京都區部的範圍。 1868年東京開市後，明治政府曾在築地設置外國人居留地，但並未有太多外國人入住這裡。同年明治政府開始著手在銀座地區修建西洋風格的煉瓦建築街區，象徵文明開化。這也意味著東京市容近代化及日本產業革命的開始。1877年，明治政府在上野公園舉辦第一屆內國勸業博覽會，展示當時最新的產業技術，吸引45萬人參觀。同時各政府部門在武家屋敷土地上開始設立官營工場及研究所（如海軍省的石川島造船所），令東京開始工業化進程。1888年，東京府公佈了《東京市區改正條例》，開始進行市區改正，以巴黎改造為仿效對象，對東京市容進行全面改造。其重點內容包括設立公園、擴寬道路、改善上水道、鋪設路面電車。但由於預算限制，實際達成的市區改正內容比計劃要少得多。 1878年，日本政府頒布了《郡區町村編制法》、《府縣會規則》、《地方稅規則》三部法律，合稱「地方三新法」。東京府因此進行政區調整，將府稅納稅額較多的地區設「區」，而農村地區設「郡」，共設有15區6郡。同年伊豆群島自靜岡縣劃入東京府。1880年，內務省以東京府財政較為充裕為由，將小笠原群島劃入東京府。日本在1888年實施市制後
21696,東京都,東京府時代,2,整，將府稅納稅額較多的地區設「區」，而農村地區設「郡」，共設有15區6郡。同年伊豆群島自靜岡縣劃入東京府。1880年，內務省以東京府財政較為充裕為由，將小笠原群島劃入東京府。日本在1888年實施市制後，東京市在翌年5月1日成立，其範圍相當於東京府的15區。1893年，日本政府將神奈川縣的多摩三郡（南多摩郡、北多摩郡和西多摩郡）劃入東京府。多摩多地出現武裝抗議，反對政府的這一決定。除了北多摩郡部分町村之外，多摩三郡的各町村首長同時辭職，表達反對意志。但這些行動並未改變政府的決定，多摩三郡在同年4月1日劃入東京府。至此東京府確立了和今日東京都基本相同的轄區範圍。1898年10月1日，東京市根據《市制中追加法律》與京都市、大阪市兩市一同失去原《市制》所賦予的特例制度，並重新改制為實行一般制度的市。 東京的都市規模在二戰前不斷擴大，與此同時頻發的交通事故、大火等都市問題也逐漸凸顯。1923年9月1日，相模灣海底發生關東大地震，導致東京府內有約10萬人死亡或失踪，住宅密集的下町地區的燒毀率達44%，城市機能陷入癱瘓。震後翌日，前東京市長後藤新平就任內務大臣，並設立帝都復興院。他提出了耗資11億日
21696,東京都,東京府時代,3,日，相模灣海底發生關東大地震，導致東京府內有約10萬人死亡或失踪，住宅密集的下町地區的燒毀率達44%，城市機能陷入癱瘓。震後翌日，前東京市長後藤新平就任內務大臣，並設立帝都復興院。他提出了耗資11億日元的《東京復興計劃》（實際因預算限制而減少至6億日元），在東京導入土地區劃整理等現代都市計劃手法，對東京進行全面的都市改造。關東大地震也成為東京人口郊外化的契機。大量災民在震後搬遷至郊外居住。在1920年至1925年，和東京市人口減少相對，與東京市接壤的六郡在五年內人口幾乎翻番。而連接東京市中心和郊外的鐵路網也因此得到快速發展。這也帶動連接都心和郊外的交通節點新宿、澀谷兩地的發展。受田園城市理論影響，東京郊外這一時期還出現了田園調布等高級住宅區。 在東京市區範圍擴大的同時，市中心和郊外由不同行政區管轄的弊端也逐漸凸顯。1932年，東京市合併了接壤5郡的82個町村，轄區範圍大幅擴大。這時的東京市管轄有35區，人口超過580萬人，成為當時世界僅次於紐約的人口第二多城市。1936年，北多摩郡砧村、千歲村劃入世田谷區。至此東京市的轄區範圍和現在東京都區部的範圍相同。在1930年代，東京市先後完成了
21696,東京都,東京府時代,4,管轄有35區，人口超過580萬人，成為當時世界僅次於紐約的人口第二多城市。1936年，北多摩郡砧村、千歲村劃入世田谷區。至此東京市的轄區範圍和現在東京都區部的範圍相同。在1930年代，東京市先後完成了羽田飛行場（今東京國際機場）、築地中央批發市場等大型工程，都市機能得到提升。
21696,東京都,東京都時代,0,經過1932年的市轄區範圍大幅擴張後，東京市的人口和負擔的府稅額均佔東京府的九成以上，導致東京府和東京市之間的關係出現顯著變化，兩者權責分擔不明確之處眾多，引發二重行政的問題。太平洋戰爭爆發後，日本政府對經濟活動和地方自治的管制加劇。1943年6月，日本政府公佈了《東京都制》，並於同年7月1日實施。該制度廢除了東京府和東京市，設立了東京都，且東京都長官由官派產生。 東京都設立時，日本在太平洋戰爭中的戰局已開始惡化，東京都民的生活也日益緊迫。在東京都成立之前，民眾將家中鐵器上交以提供煉鋼材料已經是家常便飯。1944年3月，日本政府實施《決戰非常措施要綱》，帝國飯店等高檔餐飲住宿設施和眾多娛樂場所被勒令停業。同年8月，東京都開始實施學童集體疏開，學齡兒童被疏散至鄉村地區。這一年秋季開始，東京成為無差別空襲的對象。在二戰期間，東京都遭到超過100次空襲，其中以1945年3月10日的空襲規模最大，本所、深川、京橋等地化為灰燼。在整個二戰期間，東京都有超過9萬人死於空襲，超過70萬棟房屋被毀。 日本投降之後，駐日盟軍總司令（GHQ）在1945年9月8日開始進駐東京各地，開啟了盟軍佔領時期。當時東
21696,東京都,東京都時代,1,本所、深川、京橋等地化為灰燼。在整個二戰期間，東京都有超過9萬人死於空襲，超過70萬棟房屋被毀。 日本投降之後，駐日盟軍總司令（GHQ）在1945年9月8日開始進駐東京各地，開啟了盟軍佔領時期。當時東京都雖然因疏散政策而人口劇減，但糧食不足、衛生問題等都市問題十分嚴重，秩序混亂不堪。1945年時，東京市民每日的大米配給量只有315克，難以維持生活，導致戰後東京出現黑市遍地的情況。因空襲被燒毀的建築瓦礫被用來填埋水域，得到土地則作為宅地使用。1947年3月，東京都實施了特別區制度，將35個區整並為22個特別區。同年8月，板橋區自練馬區獨立，確立了現在的23個特別區的體制。1947年4月，保守派人士安井誠一郎當選東京都第一任民選長官。 1956年，日本政府制定了《首都圈整備法》，將東京市中心半徑15公里範圍定為既成市街地，其外側半徑15至25公里地區則是近郊地帶，並促進近郊地帶綠帶化，抑制當時已經出現的市區無序擴張等問題。同時東京都政府還在東京灣展開大規模填海計劃，以在解決垃圾處理問題的同時提供新土地。東京都區部的通勤流入人口從1955年的38萬人增加到1970年的162萬人，在15年增加
21696,東京都,東京都時代,2,已經出現的市區無序擴張等問題。同時東京都政府還在東京灣展開大規模填海計劃，以在解決垃圾處理問題的同時提供新土地。東京都區部的通勤流入人口從1955年的38萬人增加到1970年的162萬人，在15年增加了4.3倍。為舉辦1964年奧運會，東京都在1960年代前期迎來了空前的基礎設施建設熱潮，並且也令奧運場館聚集的山手線西側地區得到開發。但這也加大了東京都心和未和奧運會有直接關聯的東部地區及多摩地區的開發差距。經濟的發展也導致環境問題日益嚴重。例如江東區在1965年發生蒼蠅大量出現的事件，杉並區在1970年發生光化學煙霧公害。1967年，提倡「革新都政」的美濃部亮吉當選東京都知事，東京都開始將更多行政資源傾注在社會福利領域。翌年美軍將小笠原群島等地歸還日本，重新交由東京都管轄。在美濃部知事的12年任期中，東京都公佈了「保護都民免受公害計劃」，環境問題有明顯改善。但財政狀況出現顯著惡化。 1979年，鈴木俊一當選東京都知事，東京都再次進入保守派人士執政時代。在鈴木擔任知事期間，隨著多摩地區的人口增加，東京的人口中心出現西移傾向，城市結構也因新宿、澀谷、池袋三大副都心的開發而呈現多中心化。19
21696,東京都,東京都時代,3,9年，鈴木俊一當選東京都知事，東京都再次進入保守派人士執政時代。在鈴木擔任知事期間，隨著多摩地區的人口增加，東京的人口中心出現西移傾向，城市結構也因新宿、澀谷、池袋三大副都心的開發而呈現多中心化。1991年，東京都廳從有樂町搬遷至西新宿的東京都廳舍。在日本泡沫經濟時期，由於東京都心地價暴漲導致土地緊缺，東京都將填海產生的臨海副都心作為新的開發重點地區。然而泡沫經濟崩潰後，東京都的財政狀況嚴重惡化。1995年當選東京都知事的青島幸男中止了世界都市博覽會計劃，導致臨海副都心的開發被迫進行重新定位。 1999年東京都知事選舉創下6人得票率超過10%的空前混戰記錄。石原慎太郎在這次選舉中以超過30%得票率當選東京都知事，開啟了13年的石原都政時代。在石原慎太郎執政時期，隨著地價下跌令企業和學校出現回歸市中心的現象，加上規制緩和令超高層建築修建的門檻降低，東京都心在21世紀初期出現空前的都市更新開發熱潮。2016年，小池百合子當選為東京都第一位女性知事。現在東京都面臨人口高齡化、東京一極集中等議題。對此東京都將構築社會安全網、促進政府數位化、提升金融產業地位並促進新產業成長等政策作為重點施政方針
21696,東京都,東京都時代,4,熱潮。2016年，小池百合子當選為東京都第一位女性知事。現在東京都面臨人口高齡化、東京一極集中等議題。對此東京都將構築社會安全網、促進政府數位化、提升金融產業地位並促進新產業成長等政策作為重點施政方針，應對上述問題。
21696,東京都,人口,0,"明治維新初期，由於眾多武士歸鄉，導致東京的人口一度減少至約70萬人。1872年時，東京府有人口859,345人，佔日本全國人口的2.47%。此後東京府人口長期以高於日本平均水準的增長率穩定增加。東京都人口在1876年超過100萬，1901年超過200萬。1923年，受到關東大地震的影響，東京府人口從前一年的398.42萬減少至385.94萬，但在翌年即迅速回升至418.55萬人。1928年，東京府人口超過500萬人。東京府人口在1940年達到735.5萬人，佔日本全國人口的比例也超過了10%。但受太平洋戰爭疏散政策的影響，東京都人口在1945年劇減至348.83萬人。1953年，東京都人口達746.89萬人，恢復至太平洋戰爭前的數字。東京都的人口在1962年超過1,000萬人，但這一時期東京都的人口增幅已經開始放慢。在日本人口增長減緩、外來人口流入減少、郊區化的三重影響下，東京都的人口在1975年達到1,167.36萬人後出現連續五年的減少。這一人口增長停滯的局面持續至1990年代中期。1996年後，受到地價下降引發回歸市中心現象，以及外來人口流入重新增加的影響，東京都人口再次開始持續"
21696,東京都,人口,1,"975年達到1,167.36萬人後出現連續五年的減少。這一人口增長停滯的局面持續至1990年代中期。1996年後，受到地價下降引發回歸市中心現象，以及外來人口流入重新增加的影響，東京都人口再次開始持續增長。2020年10月1日時，東京都人口有1,397.11萬人。每平方公里人口密度超過6,000人。東京都人口的年齡構成中，生產年齡人口（15至64歳人口）佔比近七成，年少人口（15歲以下人口）佔比約一成，老年人口（65歲以上人口）佔比約兩成。東京都的出生率水準一貫低於日本平均，總和生育率長期居於日本末位。2018年，東京都的總和生育率只有1.2。獨身家庭是東京最多的家庭形態。2015年，東京有669萬戶家庭是獨身家庭。戶均人口有1.99人，首次低於2人。 和世界上大部分大都市類似，東京都的日間人口遠多於夜間人口，2015年時，東京都日間人口有1,592萬人，而常住人口有1,352萬人，晝夜人口比是117.8。日間流入東京都的人口中，93.6%來自和東京都相鄰的神奈川、埼玉、千葉三縣。東京都的郊區化現象開始於1923年的關東大地震，受災嚴重的都心各區人口紛紛向西外流至現杉並、中野、目黑、世"
21696,東京都,人口,2,口比是117.8。日間流入東京都的人口中，93.6%來自和東京都相鄰的神奈川、埼玉、千葉三縣。東京都的郊區化現象開始於1923年的關東大地震，受災嚴重的都心各區人口紛紛向西外流至現杉並、中野、目黑、世田谷等東京都區部的西部地區，以及多摩地區的東部地區。二戰後人口的快速增加及都心地價高漲更加快了多摩地區的開發，並導致東京都心出現甜甜圈化現象。2005年時，東京都心的千代田區、中央區、台東區、港區、澀谷區、新宿區的日間人口均是夜間人口的2倍以上，千代田區更超過23倍。而東京都區部外圍的江戶川區、葛飾區、足立區、荒川區、北區、板橋區、練馬區、中野區、杉並區、世田谷區的夜間人口均多於日間人口。多摩地區大多數城市的夜間人口同樣多於日間人口，顯示出睡城特徵。但2000年後，受東京都心及沿海地區修建了眾多高層公寓的影響，東京都心各區出現明顯的人口增長。例如江東區在2005年至2015年人口增加數超過10萬。而多摩地區開發於1960年代至1970年代的新市鎮則因高齡化而在1990年代後人口轉趨減少。 東京都是日本最為國際化的地區，外國人人口比例也遠高於日本平均值。東京都的外國人人口從1979年的11.
21696,東京都,人口,3,萬。而多摩地區開發於1960年代至1970年代的新市鎮則因高齡化而在1990年代後人口轉趨減少。 東京都是日本最為國際化的地區，外國人人口比例也遠高於日本平均值。東京都的外國人人口從1979年的11.09萬增加到2020年的57.73萬。東京都的外國人人口中以中國大陆人數量最多，有23.12萬人；其次是有9.36萬人的韓國人。越南人及菲律賓人均超過3萬人；尼泊爾人、台灣人均超過2萬人；美國人、印度人、緬甸人均超過1萬人。在地區分佈方面，東京都84%的在日外國人居住在23區內，其中以新宿區最多，江戶川區、足立區、江東區次之。部分國籍的外國人分佈有明顯的聚居特徵。例如中國人較多聚集在新宿區、豐島區；韓國人較多聚集在新宿區，以及都心外沿的足立區、荒川區；美國人較多聚集在港區、世田谷區、澀谷區；印度人較多聚集在江戶川區。
21696,東京都,宗教,0,"江戶有15%的土地是寺社領，和町人地面積相當，可見宗教勢力在江戶有重要地位。和神道教相比，佛教在江戶的影響力要大得多。禪宗、天台宗、淨土宗、真言宗在江戶的寺院面積之差在伯仲之間，是江戶影響力較大的佛教宗派。寬永寺、增上寺、淺草寺是江戶面積最大的三座寺院。由於寺社領在江戶時代不必納稅，因此不少寺院境內或附近地區商業發達，成為娛樂、文化和觀光的中心。但在明治維新時期，由於政府的廢佛毀釋政策，佛教勢力遭到打壓，寬永寺、增上寺等大型寺廟都有部分境內土地改劃為公園。同時東京出現了明治神宮、靖國神社、東鄉神社、乃木神社等眾多和皇室、軍人有關的神社。截至2018年，東京都有1,454座神社，2,814座佛教寺院。 日本最大的新教團體日本基督教團在東京都設有兩個教區。天主教東京總教區是天主教會在日本的三個總教區之一，也是信徒數最多的日本天主教會教區，主教座堂位於東京都文京區的關口教會。位於東京都千代田區的尼古拉堂是日本正教會的總部。截至2018年，東京都有超過800座基督宗教的教堂，基督徒近87萬人。東京都亦有伊斯蘭教、印度教信徒，大多是在日外國人。"
21696,東京都,行政區劃,0,東京都由以下23個特別區、26個市、5個町、8個村構成。 特別區屬於特別地方公共團體，原則上行使相當於一般市町村的地方自治權限（但諸如上下水道、消防等廣域性事務由東京都管理），區長由公選產生，和政令指定都市的市轄區並非同級的行政區劃單位。多摩地區及島嶼地區各市町村的地方自治權限和日本其他地方相同。2015年，八王子市成為東京都第一個中核市，擁有比其他市更多的條例制定權。 按照文化和歷史政區，千代田區、中央區、港區是東京都區部最傳統的核心區域。這三個區和山手線西側三大副都心所在的新宿區、澀谷區、豐島區構成了東京都區部最核心的區域。城東地區包括了台東區、墨田區、荒川區、足立區、葛飾區、江東區、江戶川區，也是傳統意義上的「下町」地區。城西地區包括世田谷區、中野區、杉並區、練馬區，其範圍接近傳統意義上的「山手」地區。城南地區包括品川區、大田區、目黑區。城北地區包括北區、板橋區。多摩地區有「三多摩」的別稱，指二戰後大規模設市之前存在過的北多摩郡、南多摩郡，以及現仍存在的西多摩郡。舊北多摩郡轄區範圍包括立川市、武藏野市、三鷹市、府中市、昭島市、調布市、小金井市、小平市、東村山市、國分寺市、國立市、
21696,東京都,行政區劃,1,的別稱，指二戰後大規模設市之前存在過的北多摩郡、南多摩郡，以及現仍存在的西多摩郡。舊北多摩郡轄區範圍包括立川市、武藏野市、三鷹市、府中市、昭島市、調布市、小金井市、小平市、東村山市、國分寺市、國立市、狛江市、東大和市、清瀨市、東久留米市、武藏村山市、西東京市。舊南多摩郡轄區範圍包括八王子市、町田市、日野市、多摩市、稻城市。西多摩地區除了現在的西多摩郡之外，還包括了青梅市、福生市、羽村市、秋留野市。
21696,東京都,東京都政,0,在東京都的歷任知事中，除了曾獲得社會黨、共產黨推薦的美濃部亮吉，以及政黨色彩較淡的青島幸男之外，其他知事皆是保守派人士。石原慎太郎在2012年辭去東京都知事職務後，前東京都副知事猪瀨直樹在2012年東京都知事選舉中以超過65%的得票率當選。但猪瀨在2013年底因政治獻金問題辭職。前厚生勞動大臣舛添要一在2014年東京都知事選舉當選。但舛添在2016年因政治資金公私不分的問題而辭職。在2016年東京都知事選舉中，保守陣營同時有退出自民黨的小池百合子，以及自民黨推舉的增田寬也兩人參選。最終小池憑藉44.49%的得票率當選。翌年小池引領都民第一會在2017年東京都議會議員選舉亦取得大勝，取得三分之一以上得票率和55個議席，成為小池在同年創建希望之党的契機。2020年，小池以近六成的得票率成功連任。就這次選舉結果來看，小池在東京都區部中心、西南地區得票率偏低；主要左派候選人之一宇都宮健兒在中央線沿線地區有較高得票率；另一位主要左派候選人山本太郎和日本維新會推薦的候選人小野泰輔雖然政見大相徑庭，但兩者均在東京都區部的西南部地區獲得較高得票率。東京都議會有127名議員，其中東京都區部有87名議員、
21696,東京都,東京都政,1,"線地區有較高得票率；另一位主要左派候選人山本太郎和日本維新會推薦的候選人小野泰輔雖然政見大相徑庭，但兩者均在東京都區部的西南部地區獲得較高得票率。東京都議會有127名議員，其中東京都區部有87名議員、多摩地區有39名議員、島嶼部地區有1名議員。2021年東京都議會議員選舉時，自民黨是東京都議會的最大政黨，有33人當選；和自民黨有合作關係的公明黨有23人當選。和小池關係密切的都民第一會有31人當選，是東京都議會第二大政黨。日本共產黨、立憲民主黨則各有19人、15人當選。 在1998年度創下1,068億日元的赤字後，東京都致力於重建財政，並自2005年度開始實現財政盈餘。東京都在2020年度的一般預算規模達7兆3,540億日元，加上公營企業的合計預算規模達15兆4,522億日元，和挪威的國家預算規模相當。收入和支出基本相同。地方稅佔東京都財政收入中的比例高於日本平均水準，並且東京都是日本唯一沒有獲得中央政府地方交付稅支援的一級行政區。東京都的財政支出項目中以福利保健、教育文化這兩個領域佔比最大。"
21696,東京都,日本國政,0,東京是日本政治的中心，國會、各中央政府機關、主要政黨總部均集中在東京都心。國會議事堂的所在地永田町是日本政治的代名詞。而財務省、外務省等重要行政部門集中的霞關則是日本官僚的代名詞。東京都在日本眾議院擁有25個小選舉區（其中17個位於東京都區部和島嶼部，8個位於多摩地區），以及17個比例代表議員名額。 在2017年眾議院選舉時，東京都的25個小選舉區中有19個由自民黨議員當選；4個由立憲民主黨議員當選；自由民主黨的盟黨公明黨有1名議員當選；希望之黨有1名議員當選（該議員後加入自民黨）。自民黨在小選舉區的合計得票率近43%，同屬執政黨的公明黨得票率近2%；希望之黨得票率近20%；立憲民主黨得票率約有22%、日本共產黨得票率近11%。在比例代表選舉方面，自民黨有6人當選，公明黨有2人當選；希望之黨有3人當選；立憲民主黨有4人當選、日本共產黨有2人當選。和小選舉區相比，自民黨在比例代表區的得票率相對較低，有30.47%；日本另一執政黨公明黨的比例代表得票率有10.81%；希望之黨的比例代表得票率有19.89%、日本維新會的比例代表得票率有3.32%；左派政黨立憲民主黨的比例得票率有23.58%
21696,東京都,日本國政,1,對較低，有30.47%；日本另一執政黨公明黨的比例代表得票率有10.81%；希望之黨的比例代表得票率有19.89%、日本維新會的比例代表得票率有3.32%；左派政黨立憲民主黨的比例得票率有23.58%、日本共產黨有10.37%。而在2021年眾議院選舉時，自民黨獲勝的小選舉區由19個減少至16個；立憲民主黨獲勝的選區則從4個增加到8個；公明黨維持在1個選區獲勝。自民黨的比例代表得票率則是31%，取得6個議席；立憲民主黨的比例代表得票率有20%，取得4個議席；日本維新會、公明黨、日本共產黨的比例得票率均超過10%，各取得2個議席；令和新選組亦以超過5%的得票率在比例代表獲得1個議席。 東京都選舉區在日本參議院有12名議員，每三年改選6名議員。目前東京都的12名參議員中，有4人是自民黨議員、3人是立憲民主黨議員、2人是公明黨議員、2人是日本共產黨議員、1人是日本維新會議員。
21696,東京都,經濟,0,"2018年度，東京都的都內生產總值有107兆7,000億日元。2016年時，東京都的GDP為105.5兆日元，約佔日本GDP的19%，高於土耳其的GDP總值。礦業及製造業在東京都經濟中佔比不足日本平均值的一半，而批發零售業、資訊通信業、金融保險業、專門服務業在東京都經濟中的地位則大幅高於日本平均水準。在2015年財富世界500強公司中，有38家總部位於東京。東京都雖然是世界經濟總量最大的城市，但人均GDP在2015年時是紐約市的約三分之二。人均可支配收入亦遠低於紐約市，但和倫敦、巴黎基本是同一水準。"
21696,東京都,第一產業,0,"東京都在2016年的農林水產業產值有477億日元。2015年，東京都的農家戶數有11,222戶。農業就業人口平均年齡是63.9歲，其中53%以上超過65歲。同年東京都的耕地面積有7,130公頃，佔東京都總面積的3.4%。東京都超過76%的耕地位於多摩地方，其中以北多摩地區耕地面積最大。東京都的農產品以注重鮮度的生鮮產品為主，其中以蔬菜類的金額最多，其次是鮮花、水果、畜產品。自江戶時代開始，蔬菜就是東京的主要農作物。練馬蘿蔔、城南小松菜、東京獨活等蔬菜品種被登錄為江戶東京蔬菜。隨著交通的發達，東京本地生產農產品距消費市場較近而易保持鮮度的優勢相比以往縮小，因此東京都積極推進農產品的品牌化，提高附加值。例如耗時7年雜交成功的品牌肉豬品種TOKYO X、東京原創的露天栽培草莓品種東京公主莓、全年可栽培的分蔥品種東京小町。 東京都的漁業可以分為伊豆群島、小笠原群島等島嶼地區的漁業；東京灣的內灣漁業；以多摩川水系為中心的內水漁業。2017年，東京都的漁業生產量有3,070噸，生產金額有38.7億日元，生產量和生產金額最多的魚種都是紅金眼鯛。"
21696,東京都,第二產業,0,2018年度，礦業及製造業產值佔東京都內生產總值的9.1%。東京都的製造業事業所數佔日本的8.9%、従業者數佔日本的4.6％、工業品出產金額佔日本的3.1％、付加價值額佔日本的4.0%，均位於日本前列，但人均附加值額低於日本平均值。從業員9人以下的製造業事業所佔東京都製造業事業所總數的81.6%，事業所平均從業員數也只有日本平均的約半數，顯示中小規模是東京都製造業的主力。就產業比例來看，東京都的製造業事業所中以印刷及關聯產業最多，佔17.1%。其次是金屬製品，佔14.1%。但工業品出產額和附加價值額均以輸送用機械最多。近年東京都工業品出產金額和製造業事業所數均持續減少，工業用地轉換為住宅用地的情況也不在少數。 東京都83.9%的製造業事業所分佈在東京都區部。大田區集中了東京都一成以上的製造業企業，是東京都工業最為密集的地區。大田區的眾多小企業創業於1950年代。受《工場等制限法》的影響，京濱工業地帶出現大規模完成品工場向神奈川縣內陸轉移，而大田區以小規模機械加工工場為主的產業分工結構。1970年代後，大田區的工場集體搬遷至京濱島、城南島等填海地。但受到日元升值導致製造業外流的影響，大田
21696,東京都,第二產業,1,濱工業地帶出現大規模完成品工場向神奈川縣內陸轉移，而大田區以小規模機械加工工場為主的產業分工結構。1970年代後，大田區的工場集體搬遷至京濱島、城南島等填海地。但受到日元升值導致製造業外流的影響，大田區的工場數自1984年開始減少。城東的足立區、墨田區、葛飾區、江戶川區也是工廠較為密集的地區。另一方面，東京都下佔東京都製造品出產金額的54.6%。多摩地區的製造業事業所平均從業者數、工業品生產金額、附加價值額均遠高於東京都區部，顯示多摩地區的工業企業平均規模遠大於東京都區部。1930年代後期開始，由於京濱工業地帶的過密化，日本政府積極促進將東京都區部的軍工廠等重工業搬遷至多摩地區，促進了多摩的工業化。 東京都內的工業分佈有著明顯的地區特色。東京都心地區、城北地區的製造業以印刷產業為主。城南的大田區以機械金屬製造業為主，品川區和目黑區則以電氣機械製造業為主。城東地區的工業構成較為多樣化，並無佔比極端突出的製造業，但日用消費品產業的比例相對較高。城西地區以資訊通信機械、食品製造業為主。電氣機械製造業、汽車工業在多摩地區的工業佔比最高，顯示出多摩地區工業以大規模工場為主的特色。多摩地區的汽車工
21696,東京都,第二產業,2,比極端突出的製造業，但日用消費品產業的比例相對較高。城西地區以資訊通信機械、食品製造業為主。電氣機械製造業、汽車工業在多摩地區的工業佔比最高，顯示出多摩地區工業以大規模工場為主的特色。多摩地區的汽車工業可追溯至二戰前的軍需產業轉移，日野汽車的工廠所在地日野市尤其工業中輸送用機械佔比突出。電機產業則主要自二戰後興起。2010年代後，多摩地區有多家大型工廠關閉，工業空洞化問題是多摩地區的嚴峻挑戰。
21696,東京都,第三產業,0,第三產業佔東京都內生產總值的九成以上，其中以批發零售業的比例最大，達21.5%；其次是佔比12.5%的不動產業、佔比11.9%的專門·科學技術服務業、佔比11.3%的資訊通信業。據英國智庫Z/Yen的排名，東京在2020年是世界第四位的金融中心，僅次於紐約、倫敦、上海。三大巨型銀行（三菱UFJ銀行、三井住友銀行、瑞穗銀行）、野村證券等日本大型金融機構的總部均位於東京。東京證券交易所的股票總市值僅次於紐約證券交易所和納斯達克，是美國以外市值最大的證券交易所。東京都亦將國際金融都市作為重要的發展目標。 以東京站為中心的丸之內、大手町、八重洲、有樂町地區聚集了眾多大企業總部。1990年代末期後，因泡沫經濟崩潰後地價下降加上JR東日本出售東京站上空的空中權，使得這一地區得以修建眾多摩天大樓，實現了大規模都市更新。近年這一地區的商業設施快速增加，在維持中心商業區特徵同時亦開始呈現商業消費區的色彩。雖然自1960年代至1980年代，因新宿副都心計劃的推行而是東京的中心商業區一度出現向西轉移的傾向。但在21世紀後，隨著新橋站兩側的汐留及虎之門地區先後進行大規模再開發，以及JR東日本在品川站地區亦進行
21696,東京都,第三產業,1,然自1960年代至1980年代，因新宿副都心計劃的推行而是東京的中心商業區一度出現向西轉移的傾向。但在21世紀後，隨著新橋站兩側的汐留及虎之門地區先後進行大規模再開發，以及JR東日本在品川站地區亦進行大規模開發計劃，山手線東側地區的中心商業區地位重新得到強化。被劃入亞洲總部特區的澀谷地區則是山手線西側在近年的企業總部設置熱點地區。 位於東京站東南側的銀座是東京的傳統商業區，三越、松屋、松坂屋等日本代表性百貨店均在銀座設有旗艦店。中央通和晴海通交叉的銀座四丁目路口長期以來穩居日本商業地地價榜首。範圍橫跨港區和澀谷區的表參道地區是東京的另一傳統高級商業區。開業於2006年的表參道Hills在日本最初的近代公寓之一青山公寓原址上就地修建，一時引發話題。山手線西側的池袋、新宿、澀谷在1958年被指定為東京最初的三大副都心。池袋在大正時期曾是文教地區，在20世紀初期因私鐵公司武藏野鐵道（現西武鐵道）和東上鐵道（現東武鐵道）在此設站而成為交通中心，成為東京前往埼玉縣方向的交通樞紐。車站西口的東武百貨店和東口的西武百貨店是池袋的兩大地標。新宿在江戶時代就已經是一大娛樂中心，在20世紀初期因京王電鐵和
21696,東京都,第三產業,2,和東上鐵道（現東武鐵道）在此設站而成為交通中心，成為東京前往埼玉縣方向的交通樞紐。車站西口的東武百貨店和東口的西武百貨店是池袋的兩大地標。新宿在江戶時代就已經是一大娛樂中心，在20世紀初期因京王電鐵和小田急電鐵的開通而成為連接東京都心和郊外的交通樞紐。1965年東京都廳關閉淀橋淨水場後，將其所在的新宿西口地區開發為一大商務中心，並將東京都廳舍從丸之內搬遷到西新宿，令新宿西口地區成為東京都摩天樓最密集的地區之一。而新宿東口及南口地區則是商業及娛樂色彩較強的地區，在外國亦有高知名度的歌舞伎町、新宿黃金街區域，伊勢丹百貨店的旗艦店均位於新宿東口地區。澀谷地區開始大規模開發的契機同樣是因為鐵路開通。1907年玉川電鐵（現東急田園都市線）的開通令澀谷成為自東京都心前往西南郊方面的交通據點。此後東急電鐵曾長期主導了澀谷的開發。但1968年西武百貨店在澀谷開店後，東急和西武兩大私鐵公司在澀谷展開了激烈的開發競爭，亦確立了澀谷以青年文化為主的獨特氣氛。位於台東區中部的上野·淺草副都心是東京都區部下町地區傳統的商業中心，但在經過關東大地震及東京大空襲打擊，以及東京商業中心在戰後西移的影響下，其地位相對下
21696,東京都,第三產業,3,開發競爭，亦確立了澀谷以青年文化為主的獨特氣氛。位於台東區中部的上野·淺草副都心是東京都區部下町地區傳統的商業中心，但在經過關東大地震及東京大空襲打擊，以及東京商業中心在戰後西移的影響下，其地位相對下降。而錦糸町·龜戶副都心則發展為城東地區的另一主要商業中心。立川市是多摩地區的交通樞紐，並也因此成為多摩地區最主要的商業中心。為促進均衡發展，東京都廳現將八王子、立川、青梅、町田、多摩新市鎮五地作為多摩地區的核都市，並在八王子、立川、町田重點發展商業機能。 IT、娛樂等新興的第三產業亦在東京都經濟中有重要地位。以澀谷地區為中心，東京都的IT產業企業大多集中在六本木、惠比壽等東京都區部的西南地區。東京都也是日本動畫製作公司最密集的地區，且大多數動畫公司都分佈在池袋線、西武新宿線、中央線三條路線的沿線，呈現高度的集中特徵。這些地區在交通便利的同時振動及塵埃較少，滿足製作動畫的條件。加上這些地區屬於住宅區，兼職主婦曾是動畫企業重要的勞動力來源。因此中央線和西武線沿線地區得以成為動畫產業集中的地區。
21696,東京都,方言,0,在舊東京市時期，東京方言可以分為主要在城西山手地區使用的山手方言，以及主要通行於城東下町地區的江戶方言。和其他關東方言相比，東京方言受到更多近畿地方方言的影響，並且存在元音的無聲化現象。20世紀後，由於人口流動的增加和東京市區範圍的擴大，山手方言的使用區域沿中央線出現大幅擴張，而山手方言和江戶方言之間的界限也幾乎消失。1980年代時，東京本地人已大多認為自己平時使用的語言就是日語標準語，方言意識淡薄。多摩方言和東京都區部方言在重音上有明顯不同。但在二戰後因標準語的普及，多摩地區的方言和東京都區部的方言日益趨同。1980年代後亦出現多摩地區方言詞彙在東京都心得到廣泛使用的現象。 伊豆諸島大部分地區方言的重音和東京都本土基本相同，但八丈島、青島使用的八丈方言保存有較多奈良時代及以前通行於日本東部的上古日語特徵，和伊豆群島其他地區的方言有著明顯不同。小笠原群島因曾被美軍佔領，當地的小笠原語受到英語的強烈影響。但美軍將小笠原群島交還日本後，受人口結構變化的影響，小笠原群島的方言已和日語標準語相差無幾。
21696,東京都,文學,0,自出生至死去的大部分人生都主要在東京度過的著名作家有夏目漱石、樋口一葉、芥川龍之介、三島由紀夫等人。夏目漱石出生在現新宿區喜久井町，曾在東京帝國大學擔任英文學講師。他的名作之一《三四郎》即以東京為舞台。樋口一葉是日本近代第一位職業女性作家，她在文京區的故居現仍得到保存。芥川龍之介畢業於東京帝國大學英文科，在學生時期就開始創作。他的作品以短篇小說為主，其代表作《羅生門》被選入日本國語教材。三島由紀夫是在海外擁有高知名度的日本作家之一，其代表作有《假面的告白》、《潮騷》、《金閣寺》、《豐饒之海》。他不僅為日本文學產生了深遠影響，亦因堅定的皇國主義立場和三島事件而在戰後日本政治史及社會史上亦有一席之地。東京都有眾多的文學館，紀念雖非東京出身，但在東京活躍著書的作家的生涯與作品。
21696,東京都,節慶,0,神田祭、山王祭、深川祭有「江戶三大祭」之稱，前兩者又並稱為「天下祭」。神田祭是神田明神的祭禮，原本在9月舉辦，但從1892年開始為避開颱風而改在每年5月中旬舉行。神田祭也是江戶三大祭中規模最大的祭禮，和京都的祇園祭、大阪的天神祭並列為日本三大祭。山王祭是日枝神社的祭禮，每兩年在6月舉辦一次。深川祭是富岡八幡宮的祭禮，在每年8月15日前後舉辦，又有「潑水祭」的別稱。淺草神社的三社祭在每年5月舉行，是東京另一大型祭禮活動，其歷史超過700年。自1978年開始在每年夏季舉辦的隅田川花火大會是東京都規模最大的煙花大會。
21696,東京都,傳統工藝,0,東京都現在將41種傳統工藝品認定為傳統工藝品。村山大島紬原產於多摩地區的武藏村山市、瑞穗町、昭島市等地，是使用生絲生產的傳統紡織品，起源於19世紀初期。多摩織則是特產於八王子市的傳統絲織品。黄八丈是八丈島特產的絲綢服飾，提取於八丈島自生草木中的染料是黄八丈擁有獨特著色的原因。江戶和竿是起源於18世紀，採用柱子生產的釣竿，主要在城東的台東區、葛飾區、荒川區生產。江戶切子和江戶硝子都是東京的玻璃特產品，主要產地在墨田區、江東區、江戶川區。
21696,東京都,飲食,0,江戶時代的東京形成了和以大阪為中心的上方料理完全不同的飲食文化，在調味上偏好濃口醬油，並廣泛使用清湯。鰻魚蒲燒、江戶前壽司、天婦羅、蕎麥麵是當時的江戶四大料理，現在仍是日本料理的代表菜餚。同時因民眾對生活品質的追求和識字率的提高，當時的江戶已經出現大量食譜書籍。在江戶時代，漁民多在日本橋附近出售鮮魚，形成了魚河岸文化。關東大地震後，東京府設立了多家大型批發市場，其中主要銷售水產品的築地市場不僅有「東京的廚房」之稱，亦是重要的觀光景點。2018年，築地市場的批發市場機能轉移至豐洲市場，但面向遊客的築地場外市場仍繼續營業。今日東京是世界屈指的美食之都。除了傳統日本料理之外，西洋、中華等外國飲食令東京的飲食文化更加多樣充實。2020年，東京有多達464家店鋪登上米其林指南，是世界擁有米其林指南星級餐廳數最多的都市。
21696,東京都,博物館及圖書館,0,"東京都有多達272家博物館，其中以歷史博物館最多，其次是美術博物館。上野是東京的一大博物館中心，日本四大國立博物館之一的東京國立博物館；日本最大的科學博物館之一國立科學博物館；國立西洋美術館、東京都美術館、上野之森美術館等美術館均位於上野地區。東京國立博物館是日本最古老的博物館，由五個展示館和資料館構成，在2019年3月時收藏有89件日本國寶和644件重要文化財，收藏品總數有119,064件。此外東京國立博物館收藏的寄託品中有55件是日本國寶、253件是重要文化財。國立西洋美術館的建築作為勒·柯布西耶的建筑作品入選世界文化遺產。東京都擁有東京國立近代美術館、國立新美術館兩座國立美術館。前者收藏展示明治時代後期之後的近現代美術作品；後者是不設固定藏品的新形態美術館，擁有日本最大的展覽面積，建築由黑川紀章設計。江戶東京博物館開館於1993年，著重收藏展示和東京的歷史文化有關的藏品。 國立國會圖書館是日本唯一保存日本國內出版的所有出版物的法定送存圖書館，實質上是日本唯一的國立圖書館。東京都立圖書館由位於港區的中央圖書館和位於國分寺市的多摩圖書館構成，是日本規模最大的公立圖書館。東京都各自治體"
21696,東京都,博物館及圖書館,1,書館是日本唯一保存日本國內出版的所有出版物的法定送存圖書館，實質上是日本唯一的國立圖書館。東京都立圖書館由位於港區的中央圖書館和位於國分寺市的多摩圖書館構成，是日本規模最大的公立圖書館。東京都各自治體均設有公立圖書館，公立圖書館總數有388家。
21696,東京都,表演藝術及場地,0,日本管弦樂團聯盟的25個正會員中，有9個是東京都的交響樂團。東京都交響樂團的據點東京文化會館是東京都最著名的公營音樂演出場地，除了交響樂之外亦舉辦歌劇等高雅音樂藝術的演出，有「音樂的殿堂」之稱。位於千代田區隼町的國立劇場主要上演歌舞伎、日本舞等日本傳統的表演藝術。與之相對的是位於澀谷區本町的新國立劇場則主要作為歌劇、芭蕾、現代舞、話劇等西洋、現代表演藝術的演出場地。由東寶運營的帝國劇場是日本第一座西洋式演劇劇場。起源於京都的歌舞伎在江戶展開了不同於上方的獨特發展，即使德川幕府屢次打壓，仍不能降低江戶庶民對歌舞伎的熱情。歌舞伎在江戶時代和相撲、遊里並列為三大娛樂，現在仍有很高人氣。位於銀座的歌舞伎座是歌舞伎專用劇場，亦是日本最著名的歌舞伎劇場之一，設立於1889年，其現在的建築是修建於2014年的第五代建築。
21696,東京都,次文化,0,較為寬容的社會氣氛令東京擁有容許眾多次文化發展的環境。位於東京站和上野站之間的秋葉原地區在戰後初期發展為電器街，現仍有眾多銷售特殊電子部品的小型店鋪。1980年代後，隨著家用遊戲機的普及，秋葉原成為遊戲愛好者的聖地，並進一步發展為御宅族文化的中心。現在秋葉原地區除了銷售ACG關聯商品的店鋪之外，亦有眾多女僕咖啡廳等面向御宅族的服務業店鋪存在。和秋葉原類似，池袋、中野亦以御宅族文化中著稱。池袋的乙女路聚集了眾多面向女性御宅族的店鋪；中野百老匯擁有包括面向御宅族在內的眾多次文化店鋪。下北澤地區以音樂和戲劇次文化而著稱，被旅行雜誌《Time Out》選為世界第二酷的街區。新宿二丁目是日本最大規模的同志村，但近年因觀光地化而增加了眾多異性戀遊客。
21696,東京都,教育,0,東京都設有137所大學，佔日本的17.6%。大學生和短期大學生佔東京都區部總人口的近6%，這一比例在日本的大都市中位列第二。東京大學創立於1877年，是日本第一所近代大學，也是日本的最高學府。2020年時，東大共設有11個學院，學生數超過2.8萬人。東京大學的五個校區中，除了位於千葉縣柏市的柏校區之外，其他四個校區（本鄉、駒場、白金、中野）均位於東京都區部。日本人諾貝爾獎得主中，物理學獎得主朝永振一郎、江崎玲於奈、小柴昌俊、梶田隆章；化學獎得主根岸英一；生理學醫學獎得主大村智、大隅良典；文學獎得主川端康成、大江健三郎；和平獎得主佐藤榮作都畢業於東京大學。東京科學大學和一橋大學亦是東京都頂級的大型國立大學。前者主校區位於目黑區大岡山，歷史超過130年，是日本最頂級的理工科大學。後者位於國立市，以商科和社會科學為主。除了上述的三所大學之外，東京都還有東京外國語大学、東京藝術大學等在專業領域享有盛名的國立大學。東京都立大學的前身是成立於2005年，由四家大學合併而成的首都大學東京，在2020年改為現名，是由東京都政府成立的公立大學。由大隈重信創建的早稻田大學和由福澤諭吉創建的慶應義塾大學合稱
21696,東京都,教育,1,"盛名的國立大學。東京都立大學的前身是成立於2005年，由四家大學合併而成的首都大學東京，在2020年改為現名，是由東京都政府成立的公立大學。由大隈重信創建的早稻田大學和由福澤諭吉創建的慶應義塾大學合稱「早慶」，被認為是東京都私立大學的雙璧。有基督宗教色彩的上智大學、國際基督教大學；以理工科為主的東京理科大學；常被合稱為MARCH的明治大學、青山學院大學、立教大學、中央大學、法政大學；和日本皇室有密切聯繫的學習院大學亦是東京都代表性的私立大學。御茶之水一帶因聚集了眾多大學，有「日本的拉丁區」之稱。自關東大地震後，東京都心的大學開始出現向多摩地區轉移的現象。二戰後軍需用地的騰空加快了多摩地區設置大學校區的速度，並在1970年代後期至1980年代前期中央大學、法政大學部分搬遷至多摩時達到高潮。但泡沫經濟崩潰後由於地價下降，多摩地區不少大學又遷回東京都心。 東京都在2020年度有1,328家小學校，學生人數接近62萬人；803家中學校，學生人數超過30萬人；428家高等學校，學生人數超過30萬人。荒川區的開成高等學校長期以來是東京大學合格者最多的高等學校。"
21696,東京都,體育,0,"東京已三次成功申辦夏季奧林匹克運動會。東京原本獲得過1940年夏季奧林匹克運動會的舉辦權，但因侵華戰爭導致的緊張局勢和軍部壓力，東京後來辭退了這屆奧運會的主辦權。1964年夏季奧林匹克運動會是東京首次舉辦奧運會。這屆奧運會有93个國家及地區的5,152名選手參加，會場大多設在東京都區部的西部地區。東京都在2013年獲得2020年夏季奧林匹克運動會的主辦權。這次奧運會的會場主要分佈在沿用1964年奧運會會場的東京都區部西部地區，以及東京灣沿岸地區。主會場新國立競技場修建在1964年奧運會主場館國立霞丘陸上競技場的原址上。但受到2019冠狀病毒病疫情在全球擴大的影響，2020年奧運會延期至2021年舉行。除了奧運會之外，東京還舉辦過1991年世界田徑錦標賽等國際體育賽事。自2007年開始舉辦的東京馬拉松現已加入世界馬拉松大滿貫，成長為世界主要馬拉松賽事之一。 東京都擁有讀賣巨人和養樂多燕子兩家日本職棒球隊。讀賣巨人的主場球場是東京巨蛋，母公司是讀賣新聞社，是迄今獲得日本冠軍次數最多的棒球隊。養樂多燕子的主場球場是明治神宮棒球場，現在的大股東是養樂多本社（日本國有鐵道、產經新聞社亦曾是該隊的"
21696,東京都,體育,1,日本職棒球隊。讀賣巨人的主場球場是東京巨蛋，母公司是讀賣新聞社，是迄今獲得日本冠軍次數最多的棒球隊。養樂多燕子的主場球場是明治神宮棒球場，現在的大股東是養樂多本社（日本國有鐵道、產經新聞社亦曾是該隊的大股東），曾經五次獲得日本冠軍。東京都現在有FC東京、東京綠茵、町田澤維亞三家J聯賽球隊。大相撲的六個本場所中，初場所、夏場所、秋場所均在東京的兩國國技館舉辦。
21696,東京都,媒體,0,東京是日本出版業及媒體業的絕對中心。包括講談社、集英社、KADOKAWA、小學館等大型出版社在內，日本80%以上的出版社位於東京。神田神保町地區擁有世界最大規模的舊書街神田古書店街。日本五大全國性報社（讀賣新聞社、朝日新聞社、每日新聞社、日本經濟新聞社、產經新聞社）的總部均位於東京，其中讀賣新聞、朝日新聞是世界發行量前两位的報紙。東京新聞則是東京都唯一的地方報紙。有樂町地區曾聚集了讀賣新聞、朝日新聞、每日新聞三家報社的總部，因此曾有「新聞街」之稱。但現在這三家報社均已搬離有樂町。現在大手町聚集了讀賣新聞、日本經濟新聞、產經新聞三家報社的總部，成為新的報社集中地。 總部位於澀谷區神南的日本广播协会（NHK）是世界規模最大的公共廣播機構之一，提供在日本國內播出的無線電視、衛星電視、調幅廣播（AM）及調頻廣播（FM），以及面向海外的廣播電視服務。晨間的帶狀連續劇《連續電視小說》和時代劇《大河劇》是NHK最著名的代表節目。東京都的商業廣播電台有調幅廣播的TBS電台、日本放送、文化放送，以及調頻廣播的TOKYO FM、J-WAVE、InterFM。日本五家商業電視核心局（日本電視台、朝日電視台、
21696,東京都,媒體,1,是NHK最著名的代表節目。東京都的商業廣播電台有調幅廣播的TBS電台、日本放送、文化放送，以及調頻廣播的TOKYO FM、J-WAVE、InterFM。日本五家商業電視核心局（日本電視台、朝日電視台、TBS電視台、東京電視台、富士電視台）均位於東京都港區。各核心局製作的節目透過其電視聯播網在日本全國播放。TOKYO MX則是唯一以東京都為播出地區的電視台。東映、東寶、松竹等日本主要電影公司亦位於東京。東寶東京攝影所、圓谷製作等映像產業企業的所在地世田谷地區曾是東京的一大電影製作中心。
21696,東京都,觀光,0,"2019年度，有5.58億人次的觀光客到訪東京都，其中1,517.6萬人次是外國人觀光客。觀光產業為東京都帶來超過6兆日元的消費。東京都的歷史文化觀光資源主要集中於東京都區部地區。台東區的上野公園至淺草寺一帶是最能體現東京下町風情的地區。上野公園設立於1871年，是日本第一個公園。設立於1882年的上野動物園則是日本第一家動物園，以熊貓展示而著稱。阿美橫丁是一條起源於戰後初期的商店街，亦是東京都民採購年貨的著名地點。淺草寺的歷史可以追溯至628年，是東京都歷史最悠久的寺院，亦是東京庶民文化的據點。位於隅田川東側的東京晴空塔高634米，是世界最高的電波塔，既作為電視訊號發射塔使用，亦是能一覽東京全景的著名景點。竣工於1958年的東京塔是東京晴空塔啟用之前的電視訊號發射塔，現在仍然是著名的瞭望景點。位於東京塔腳下的增上寺是德川家的靈廟，德川將軍15人中有6人長眠在此。汐留東側的濱離宮恩賜庭園是江戶時代代表性的大名庭園，是日本的特别名胜。 東京都亦有眾多文化和娛樂主題的景點。由宮崎駿擔任館主的三鷹之森吉卜力美術館完整再現吉卜力工作室作品的世界觀。豐島區的常盤莊漫畫美術館再現了漫畫家手塚治虫、"
21696,東京都,觀光,1,江戶時代代表性的大名庭園，是日本的特别名胜。 東京都亦有眾多文化和娛樂主題的景點。由宮崎駿擔任館主的三鷹之森吉卜力美術館完整再現吉卜力工作室作品的世界觀。豐島區的常盤莊漫畫美術館再現了漫畫家手塚治虫、赤塚不二夫等人居住過的常盤莊。長谷川町子美術館則是展示《海螺小姐》作者、國民榮譽賞得主長谷川町子收藏美術品的個人美術館。位於新宿站附近的新宿御苑擁有日式庭園、法式花園、英式花園等不同類型的園林景觀。文京區的六義園和小石川後樂園在江戶時代是江戶的兩大庭園。以台場為中心的東京臨海副都心以都市型度假地為開發概念，在1997年富士電視台遷入後成為一大觀光地區。現在台場地區有大型遊戲中心Joypolis、大江戶温泉物語等多樣景點。在東京國際展示場舉辦的Comic Market是日本最大規模的動漫盛典。六本木地區在二戰前設有陸軍基地。戰後這些基地被美軍接收，並出現眾多面向美軍的酒吧等娛樂場所。現在的六本木仍是東京一大夜生活中心。 東京都西部的自然公園是眾多東京都民在假日親近自然的去處。位於八王子市的高尾山每年有約300萬人攀登，是世界登山者數最多的山峰。等等力溪谷公園是東京都區部唯一的溪谷。伊豆群島在
21696,東京都,觀光,2,仍是東京一大夜生活中心。 東京都西部的自然公園是眾多東京都民在假日親近自然的去處。位於八王子市的高尾山每年有約300萬人攀登，是世界登山者數最多的山峰。等等力溪谷公園是東京都區部唯一的溪谷。伊豆群島在日本是著名的海釣聖地，並擁有溫泉等觀光資源。小笠原群島在2011年列入世界自然遺產後，觀光客數從之前的年均2萬人前後增加到近3萬人。
21696,東京都,鐵路,0,東京擁有世界最複雜的通勤鐵路網，鐵路交通承擔了東京都區部48%的交通量。新宿站每日乘客數超過230萬人，是世界最繁忙的車站。通勤時段擁擠不堪的列車是東京都的一大社會問題。在1970年代中期，東京圈主要鐵路區間的平均混雜率曾超過220%。因鐵路公司提升運量及錯峰通勤等措施奏效，東京圈在2019年的主要區間平均混雜率已經降至163%。但東京圈的平均混雜率及平均通勤所需時間仍遠高於大阪、名古屋大都市區。 東京鐵路的歷史開始於1872年新橋（後來的汐留）至橫濱（現櫻木町）的鐵路。多摩地區的第一條鐵路則是開業於1889年的新宿至立川的中央線。甲午戰爭前後，日本爆發民營鐵路熱潮。多摩地區也在這一時期出現了青梅鐵道等私營鐵路公司。關東大地震後的郊外化進展更加速了多摩地區鐵路網的成型，並同時成為通勤鐵路高速化的契機。1950年時，東京都就已經形成了都心基本由國鐵（現JR）壟斷，各私鐵路線及部分國鐵路線自東京、新宿、澀谷、池袋等據點車站向郊外延伸的放射形路線網。自1950年代至1970年代，東京都的鐵路建設以都心地區的地下鐵路網為主。與此同時，多摩地區的眾多貨運鐵路改為客運鐵路，以適應不斷增加的通勤客需
21696,東京都,鐵路,1,"京、新宿、澀谷、池袋等據點車站向郊外延伸的放射形路線網。自1950年代至1970年代，東京都的鐵路建設以都心地區的地下鐵路網為主。與此同時，多摩地區的眾多貨運鐵路改為客運鐵路，以適應不斷增加的通勤客需求。1960年京成電鐵和都營地下鐵1號線（現淺草線）之間實施直通運行後，東京的國鐵、私鐵、地下鐵之間開始廣泛實施跨越不同公司路線的直通運行，大幅提高了鐵路交通的便利度。1980年代，郊區的鐵路新線及複線化成為東京都新的鐵路建設中心，京葉線、埼京線等路線修建於這一時期。1990年代後，隨著臨海副都心的開發，百合鷗號、臨海線等沿海地區的路線成為這一時期的東京都鐵路新線。今後東京都鐵路建設的焦點大多聚集在自羽田機場前往東京都心的路線，以及地下鐵有樂町線和南北線的延伸計劃。 JR東日本是東京都最重要的鐵路公司，在東京都心環狀運行的山手線是東京最重要的鐵路交通大動脈，每週乘客人數達1,581萬人。JR東日本在東京都區部內的山手線東側路線有京濱東北線、橫須賀·總武快速線、上野東京線（由東海道線、宇都宮線、高崎線、常磐線組成的運行系統）、京葉線；西側路線有埼京線、湘南新宿線（由宇都宮線、橫須賀線、高崎線"
21696,東京都,鐵路,2,日本在東京都區部內的山手線東側路線有京濱東北線、橫須賀·總武快速線、上野東京線（由東海道線、宇都宮線、高崎線、常磐線組成的運行系統）、京葉線；西側路線有埼京線、湘南新宿線（由宇都宮線、橫須賀線、高崎線、東海道線組成的運行系統）。中央線快速、中央·總武緩行線橫貫東京都中央，是東京都的東西方向大動脈。青梅線、五日市線是JR東日本在多摩地方的東西方向路線；八高線、武藏野線則是南北方向路線。東京都有東京、品川、上野三個新幹線車站，東京站是東海道·山陽新幹線、東北·北海道新幹線、秋田新幹線、山形新幹線、上越新幹線、北陸新幹線的起點。JR東海將品川站作為修建中的中央新幹線的起點。 關東地方的9家大手私鐵公司中，小田急電鐵、京王電鐵、京濱急行電鐵、京成電鐵、西武鐵道、東急電鐵、東武鐵道、東京地下鐵在東京都內有自公司的路線。相鐵·JR直通線在2019年11月30日通車後，相模鐵道亦開始有列車直通至東京都心，令關東的全部大手私鐵均有列車行駛進入東京都區部。小田急電鐵、京王電鐵在東京都心的最主要車站都是新宿站，兩者路線在東京都的主要覆蓋範圍也都是西南部地區。東急電鐵在東京都心的最主要車站是澀谷站，路線主要
21696,東京都,鐵路,3,，令關東的全部大手私鐵均有列車行駛進入東京都區部。小田急電鐵、京王電鐵在東京都心的最主要車站都是新宿站，兩者路線在東京都的主要覆蓋範圍也都是西南部地區。東急電鐵在東京都心的最主要車站是澀谷站，路線主要覆蓋東京都南部。京濱急行電鐵在東京都心的最主要車站是品川站，主要服務前往神奈川縣東部及羽田機場的乘客。京成電鐵在東京都心的最主要車站是上野站，主要服務前往千葉縣及成田國際機場的乘客。西武鐵道在東京都的據點車站是西武新宿站和池袋站，路線主要覆蓋東京都西北地區。東武鐵道擁有關東地方各私鐵公司最長的營業里程數，在東京都的據點車站有池袋、淺草、龜戶，是自東京前往埼玉、栃木、群馬的重要交通方式。 1927年開通的上野至淺草的地鐵是東亞第一條地鐵。東京的地下鐵系統由東京地下鐵和東京都交通局（都營地下鐵）運營。東京地下鐵的前身是由日本政府和東京都政府共同出資的帝都高速度交通營團，在2004年實現民營化。東京地下鐵有銀座線、丸之內線、日比谷線、東西線、千代田線、有樂町線、半藏門線、南北線、副都心線9條路線，總營業長度195公里，設有180個車站，2019年度的日均乘客數有755萬人。都營地下鐵有淺草線、三
21696,東京都,鐵路,4,地下鐵有銀座線、丸之內線、日比谷線、東西線、千代田線、有樂町線、半藏門線、南北線、副都心線9條路線，總營業長度195公里，設有180個車站，2019年度的日均乘客數有755萬人。都營地下鐵有淺草線、三田線、新宿線、大江戶線4條路線，總營業長度109公里，設有106個車站，2018年度的日均乘客數有282萬人。整合東京地下鐵及都營地下鐵是東京都政的議題之一。 和JR埼京線・川越線直通運行的臨海線、連接東京都和茨城縣的筑波快線是東京都的兩條第三部門重鐵路線。除了上述的重鐵路線之外，東京都還擁有連接東京都心的和羽田機場的東京單軌電車；多摩地區西部的南北向交通動脈多摩都市單軌電車；前往臨海副都心的重要交通方式百合鷗號；東京都北部的自動導引鐵路日暮里-舍人線；東京唯一公營路面電車荒川線；唯一私營路面電車世田谷線等中運量鐵路交通系統。
21696,東京都,巴士,0,"都營巴士是東京都區部主要的巴士業者，由東京都交通局運營。2019年時，都營巴士共有130條路線，營業里程740.6公里。2018年度，都營巴士的日均乘客數約有63.9萬人。除了都營巴士之外，各私鐵公司持有的巴士公司也在東京都區部設有巴士路線。相比於東京都區部，巴士在多摩地區的交通中有更重要地位。多摩地區的巴士路線網自1950年代開始成型，在1970年代基本完成。但此後受汽車普及導致交通堵塞現象日益嚴重，巴士的準點率明顯下降，引發巴士乘客數開始減少，巴士路線網也因此整併。為應對人口高齡化導致交通弱者增加，多摩地區大部分城市均有開設社區巴士。 自東京都出發可乘坐高速巴士前往北海道和沖繩縣以外的日本各地。2016年，位於新宿站南口的日本最大客運總站Busta新宿開業。其第一年的日均乘客數就有2.8萬人，日均班次約1,470班。"
21696,東京都,公路,0,"2018年時，東京都的道路總長度約有24,623公里，其中21,854公里是區市町村道、2,371公里是都道、348公里是一般國道、49公里是高速汽車國道。二戰後隨著汽車的普及，東京都開始積極建設一般道路和高速公路網，形成了以東京為中心，包括東關東自動車道、常磐自動車道、東北自動車道、關越自動車道、中央自動車道、東名高速公路在內的放射性高速公路網。然而隨著車流量的增加，環繞東京都心的首都高速中央環狀線陷入慢性擁堵狀態，並波及到其他高速公路。為此東京都積極推進東京外郭環狀道路、首都圈中央聯絡自動車道兩條環狀高速公路的建設，以減輕交通堵塞。現在東京都區部的大部分高速公路由首都高速公路管理。在一般道路方面，東京都在23區將環狀道路和前往多摩地區的道路作為重點改建道路。在多摩地區則重點修建南北向道路。"
21696,東京都,水運,0,在江戶時代，江戶中心運河網密布，水運在江戶的交通及物流中有著極為重要的地位。但在20世紀後，由於都市化的進展，東京都心的水路網快速縮小，大量水路被填平或改為暗渠，用於修建道路。現在東京都主要的水運交通是連接本土和伊豆群島、小笠原群島的航路。郵政局在1875年開設了東京和伊豆群島之間的命令航路。1891年，東京灣汽船開設了東京和伊豆群島之間的自由航路。現在東京都本土和伊豆群島之間的航運由東海汽船負責運營。東京都本土和小笠原群島之間的定期航路開始於1876年，但在1942年受太平洋戰爭影響而暫停。現在東京都本土和小笠原群島之間的航運由小笠原海運負責運營。 東京港的歷史可以追溯至太田道灌在1457年開闢的江戶湊。1880年，東京府開始進行築港調查，開始東京港的近代化進程。關東大地震後，因陸上交通中斷而導致救援物資只能從海上搬運，令東京港的重要性凸顯，東京府也因此對東京港進行大幅擴建，使大型船得以停靠東京港，並在1941年成為國際貿易港。1949年，東京都發布了東京港修築計劃，開始著手建設豐洲、晴海、品川碼頭。1967年，日本第一個貨櫃碼頭品川碼頭在東京港竣工。2019年，東京港處理的貨櫃總量
21696,東京都,水運,1,停靠東京港，並在1941年成為國際貿易港。1949年，東京都發布了東京港修築計劃，開始著手建設豐洲、晴海、品川碼頭。1967年，日本第一個貨櫃碼頭品川碼頭在東京港竣工。2019年，東京港處理的貨櫃總量達501萬TEU。東京港設有竹芝、有明、青海、晴海四個客船碼頭及一個渡輪碼頭。2020年，位於青海的東京國際遊輪碼頭開業，令東京港可停靠大型遊輪。
21696,東京都,航空,0,"東京國際機場，通稱「羽田機場」，是東京都最主要的民航機場。羽田機場開業於1931年，最初名為「東京飛行場」。二戰後羽田機場被駐日盟軍總司令佔領，並在1952年交還日本，此後更名為東京國際機場。1978年成田國際機場開業後，羽田機場絕大部分國際航線都轉移至成田機場，幾乎成為國內航線專用機場。在1988年至2000年，羽田機場先後擴建了三條跑道，並在2004年開設了第二航廈。2010年，隨著D跑道的竣工，羽田機場開設了國際線航廈，再次開始大規模國際化，並實現24小時運行。現在羽田機場設有三個航廈。第1航廈主要由日本航空使用；第2航廈主要由全日本空輸使用；第3航廈主要由國際線航班使用。現在羽田機場開設有前往日本國內外超過100個都市的航班。在2017年，羽田機場的利用乘客數超過8,540萬人，位居世界第四。 位於調布市的調布飛行場開設有前往伊豆群島的定期航班，均由新中央航空運營。伊豆群島有大島機場、新島機場、神津島機場、三宅島機場、八丈島機場五個機場。"
21696,東京都,姊妹及友好都市,0,東京都和以下城市是姊妹友好都市（其中部分締結對象實際上是一級行政區）：
73085,神奈川縣,Introduction,0,"神奈川縣（日語：神奈川県／かながわけん，羅馬化：Kanagawa Ken）是位於日本關東地方西南部的一級行政區，範圍包括了舊相模國全境和武藏國的部分地區。神奈川縣的面積有2,416.17平方公里，佔日本全國的約0.6%，在各都道府縣中排名第43位。2025年，神奈川縣有人口約922萬，是日本人口最多的縣，是僅次於東京都的人口第二多的一級行政區。 神奈川縣轄有19市、13町、1村，縣廳所在地是橫濱市。神奈川縣擁有橫濱市、川崎市、相模原市等3個政令指定都市，是日本唯一擁有超过兩個政令指定都市的一級行政區。縣名「神奈川」，由來於東海道的宿場町神奈川宿（位於現橫濱市神奈川區），以及幕末時設置的神奈川奉行所（位於現橫濱市西區紅葉丘）。 因鄰近東京都，受到東京一極集中的外溢效果影響，神奈川縣的人口在20世紀持續快速增加，並且工商業在日本產業界亦有重要地位。神奈川縣的人口主要集中在東部的東京灣沿岸地區。憑藉交通之便利，這一地區具有強烈的東京衛星城色彩。神奈川縣南部的湘南地區及西南部的箱根地區是日本具代表性的觀光度假地。南部的鎌倉市及小田原市在日本古代和中世史上有重要地位。神奈川縣內陸地區人口密度相對"
73085,神奈川縣,Introduction,1,憑藉交通之便利，這一地區具有強烈的東京衛星城色彩。神奈川縣南部的湘南地區及西南部的箱根地區是日本具代表性的觀光度假地。南部的鎌倉市及小田原市在日本古代和中世史上有重要地位。神奈川縣內陸地區人口密度相對較低，憑藉相對較低的地價和鐵路路線的發展而在戰後成為首都圈的睡城和工業及物流據點，亦是重要的水源地。
73085,神奈川縣,象徵,0,現行的神奈川縣章圖案制定於1948年11月3日，是通過公開徵集選出。其設計理念是將漢字「神」左右對稱的圖案。縣章圖案亦被用於縣旗。神奈川縣的縣鳥是海鷗、縣樹是銀杏、縣花是山百合。神奈川縣在1951年將山百合制定為縣花，是日本第一個制定縣花的縣。縣樹和縣花均是通過公開票選選出。
73085,神奈川縣,地形,0,"神奈川縣位於關東平原的西南部，在北側和東京都、在西側和山梨縣及靜岡縣接壤。東側是東京灣，南側是相模灣。神奈川縣最東端位於川崎市川崎區浮島町，最西端位於山北町三國山，東西寬約80公里；最南端位於三浦市城島安房崎，最北端位於相模原市綠區生藤山，南北長約60公里。神奈川縣的最高峰是丹澤山地的蛭岳，海拔1,673米。 按地形來看，神奈川縣可以分為三個地區：由多摩丘陵和三浦半島組成的東部丘陵區；由相模川和洪積台地和沖積平原構成的中央低地區；由丹澤山地及箱根火山構成的西部山地區。以面積計算，神奈川縣28%是山地，其次是佔21%的台地、20%的低地、17%的丘陵、9%的火山、5%的填海地。東部丘陵區東北部有由多摩川沖積形成的多摩川低地。中央低地中的相模平原部分是相模川沖積形成的產物，而相模平原東側則是相模原台地。西部山地區除了沿海的足柄平原之外均是山地，其中南部是巨大的破火山口箱根火山，北部是丹澤山地。箱根火山活躍的火山活動亦是附近地區溫泉的熱源。神奈川縣內有多條活斷層，主要分佈在中部的伊勢原斷層、西南部的箱根火山區、東南部的三浦半島。相模灣至房總半島東南部的海域地處板塊交界帶，1923年關東大地震"
73085,神奈川縣,地形,1,箱根火山活躍的火山活動亦是附近地區溫泉的熱源。神奈川縣內有多條活斷層，主要分佈在中部的伊勢原斷層、西南部的箱根火山區、東南部的三浦半島。相模灣至房總半島東南部的海域地處板塊交界帶，1923年關東大地震的震源亦在這裡。神奈川縣西部亦是地震較為頻發的地區。 神奈川縣的海岸線全長435.09公里，可分為東側的東京灣海岸線和南側的相模灣海岸線。東側的東京灣部分幾乎都是人工海岸，其中的橫須賀市附近海岸屬於溺灣地形，是天然良港。相模灣的海岸線則相對平直，自然海岸較多。自江戶時代開始，神奈川縣就已有通過填海來開發新田的歷史。20世紀之後，神奈川縣在川崎市、橫濱市兩市的沿海地區進行大規模填海，並將獲得土地作為工業和港口用地使用。橫濱市都心最精華的橫濱車站附近地區、港未來、關內都是幕末至現代通過填海形成的土地。神奈川縣海岸中僅有三成是自然海岸。為保護自然海岸，神奈川縣自1970年代開始抑制在相模灣沿岸的填海。
73085,神奈川縣,水文,0,神奈川縣有多摩川、相模川、鶴見川三個一級水系，其中多摩川是神奈川縣和東京都的界河，相模川、鶴見川則是大部分幹流位於神奈川縣境內的河川。相模川發源於山梨縣山中湖，主要流經神奈川縣中部地區，是這三條河流中在神奈川縣內最長和流域面積最大的河流，亦是神奈川縣重要的用水來源。鶴見川發源於東京都町田市，流域主要位於川崎市和橫濱市北部。由於主要流經都會區，因此鶴見川的水患和水污染問題曾極為嚴重，但水質在近年已有改善。除了一級水系外，神奈川縣內還有23個二級水系。神奈川縣最大的天然湖泊是蘆之湖，由火山活動形成。神奈川縣最大的人工湖是宮瀨水庫形成的宮瀨湖。
73085,神奈川縣,氣候,0,"神奈川縣屬於太平洋側氣候區，且受到途徑相模灣的黑潮影響，氣候較為溫暖，夏季高溫多濕，冬季則晴朗乾燥。沿海及內陸地區在夏季的日最高氣溫經常超過30°C，山區則不到30°C；冬季大部分地區的最低氣溫不低於0°C前後，部分山區會低於-5°C。除了山區之外，神奈川縣大部分地區的年均降水量不到1,800毫米；山區的平均降水量則大幅高於其它地區，箱根更超過3,500毫米。降水量較多的山區亦是神奈川縣重要的水源涵養地。神奈川縣平地較少有降雪，但箱根火山地區在12月至2月會出現積雪。據氣象廳的統計，神奈川縣沿海的橫濱的年均氣溫為16.2°C、年均降水量有1730.8毫米。 神奈川縣自3月開始氣候逐漸轉暖入春；6月上旬至7月中旬則是梅雨時節。梅雨結束後神奈川縣進入夏季。盛夏時期受太平洋高氣壓影響，神奈川縣受颱風影響較少。但8月下旬至10月上旬，颱風接近接近神奈川縣的次數增加。這一時期亦是神奈川縣逐漸由夏季進入秋季的時期。冬季的神奈川縣受到西伯利亞高氣壓的影響氣候乾燥，東海岸風力較強。"
73085,神奈川縣,史前至室町時代,0,"神奈川縣最古老的石器時代遺跡是位於綾瀨市吉岡蟹谷丘陵的吉岡遺跡群，距今有約36,000年至38,000年的歷史。神奈川縣各地均發現了舊石器時代後期的遺跡，其中又以相模川東岸的相模野台地最多，主要遺跡有田名向原遺跡等地。在大和市上野遺跡發現的土器片是日本最早的土器片，亦是自石器時代至繩紋時代過渡期的重要遺跡。神奈川縣的繩紋時代初期遺跡多聚集在三浦半島，中期的遺跡則擴大至內陸。至繩紋時代後期，由於氣候轉冷，來自植物的食物減少，古人重新遷居至海岸附近以尋找食物，遺跡亦重新主要分佈在海岸地區。 位於小田原市的中里遺跡是關東地方歷史最古老的彌生時代遺跡之一。神奈川縣彌生時代中後期的遺跡數要大幅多於初期。位於橫濱市都筑區的大塚遺跡是日本第一個以完整形態被發現的環濠集落遺跡。四世紀後期，神奈川縣進入古墳時代。位於川崎市幸區的加瀨白山古墳和平塚市的真土大塚山古墳是這一時期神奈川縣具代表性的前方後圓墳。至古墳時代末期，前方後圓墳從神奈川縣消失，取而代之的是小規模古墳。 701年（大寶元年）制定大寶令之後，現在的神奈川縣分屬武藏國（在神奈川縣內的部分是川崎市和橫濱市大部分地區）、相模國兩國。武藏國在神奈川"
73085,神奈川縣,史前至室町時代,1,墳時代末期，前方後圓墳從神奈川縣消失，取而代之的是小規模古墳。 701年（大寶元年）制定大寶令之後，現在的神奈川縣分屬武藏國（在神奈川縣內的部分是川崎市和橫濱市大部分地區）、相模國兩國。武藏國在神奈川縣內有橘樹郡、都筑郡、久良郡三郡。相模國則共有八郡，其國府所在地迄今不明，但多認為至少經歷過一次搬遷；相模國的國分寺則位於現海老名市。12世紀時，相模國已有眾多莊園。這些莊園也成為後來鎌倉武士的源流。 1180年（治承四年），以仁王和源賴朝合作，討伐當時的掌權者平氏一族。起兵之後，源賴朝支配了相模國，並選擇鎌倉作為主要據點，在此開設幕府。此後在鎌倉時代。直到1333年（元弘三年），新田氏攻滅北條氏導致鎌倉幕府滅亡為止，鎌倉都是東國的中心。而北條氏的勢力範圍在此後成為足利尊氏的勢力範圍。1336年（建武三年），室町幕府成立，幕府暫時設立在京都。1349年（貞和五年），鎌倉府成立，鎌倉作為東國中心的地位重新得到確認。鎌倉府的政務實際由關東管領掌握，而這一職位由上杉氏世襲。自這一時期至1416年（應永23年）上杉禪秀之亂為止，包括相模國在內的神奈川縣都實際由上杉氏控制。上杉禪秀之亂之後，鎌倉府秩
73085,神奈川縣,史前至室町時代,2,的地位重新得到確認。鎌倉府的政務實際由關東管領掌握，而這一職位由上杉氏世襲。自這一時期至1416年（應永23年）上杉禪秀之亂為止，包括相模國在內的神奈川縣都實際由上杉氏控制。上杉禪秀之亂之後，鎌倉府秩序開始瓦解。在相模國和武藏國，上杉氏家臣長尾氏、太田氏的勢力開始擴大。
73085,神奈川縣,戰國及江戶時代,0,1494年（明應三年），關東地方的山內上杉家和扇谷上杉家爆發紛爭，扇谷上杉家向當時將伊豆半島作為主要據點的伊勢宗瑞請求援軍。伊勢宗瑞藉機在翌年攻占小田原城，將勢力範圍擴大至相模國。宗瑞的子孫以小田原為據點，繼續擴大勢力範圍，並在1523年（大永三年）改姓北條，自稱為是鎌倉北條氏的繼承者，後世稱為後北條氏。而伊勢宗瑞亦在身後被他的後裔更名為北條早雲。在16世紀中期後北條氏第三代當主北條氏康統治時期，北條氏康對內改革稅制，對外和武田氏、今川氏簽訂了甲相駿三國同盟，穩定了後北條氏在關東地方的統治。在後北條氏的統治之下，小田原城下町發展為當時關東地方最大城市。且後北條氏利用相模國海岸線較長的優勢發展和海外的貿易，從中獲得利益。關東地方地方的農村經濟亦在後北條氏統治時期有明顯發展，可以說江戶時代農村的框架是確定於後北條氏統治時期。 1590年（天正18年），豐臣秀吉攻陷小田原城，完成了日本統一。後北條氏對相模國約百年的統治宣告終結。接替後北條氏統治包括相模國、武藏國在內的關東地方的是德川家康。他在開始統治後積極展開治水工程以恢復農業，並在相模國和武藏國各地展開新田開發。相模國三浦郡內川新田（位於
73085,神奈川縣,戰國及江戶時代,1,條氏對相模國約百年的統治宣告終結。接替後北條氏統治包括相模國、武藏國在內的關東地方的是德川家康。他在開始統治後積極展開治水工程以恢復農業，並在相模國和武藏國各地展開新田開發。相模國三浦郡內川新田（位於現橫須賀市）、武藏國久良岐郡吉田新田（位於現橫濱市中區）是17世紀前期開發的主要大型新田。德川家康在關原之戰取得勝利後，更加快了神奈川縣的開發。1601年（慶長六年），德川家康開始整備神奈川縣內東海道各宿場。三年後的1604年（慶長九年），武藏國川崎宿設立，至此神奈川縣內的九個東海島宿場全部設立。除了陸上交通之外，德川氏還在1624年（寬永元年）於三崎村設立三崎御番，強化對海上交通的管理。 在江戶時代，今神奈川縣轄區內具一定規模的藩僅有小田原藩，其餘多是德川氏的直轄領、將軍直屬家臣的旗本領、以鎌倉郡為中心的寺社領。小田原藩最初的藩主是大久保忠隣。但大久保氏在1614年（慶長19年）改封，此後阿部氏曾短暫成為小田原藩藩主。1632年（寬永九年），曾任真岡藩藩主的稻葉正勝改封至小田原藩，開啟了稻葉氏對小田原藩53年的統治。1686年（貞享三年），佐倉藩主大久保忠朝改封為小田原藩主，再次開始了大
73085,神奈川縣,戰國及江戶時代,2,部氏曾短暫成為小田原藩藩主。1632年（寬永九年），曾任真岡藩藩主的稻葉正勝改封至小田原藩，開啟了稻葉氏對小田原藩53年的統治。1686年（貞享三年），佐倉藩主大久保忠朝改封為小田原藩主，再次開始了大久保氏對小田原藩的統治。此後至小田原藩被廢除，大久保氏都是小田原藩的藩主。小田原藩以外，居所和本領位於神奈川縣內的還有六浦藩、荻野山中藩這兩個規模較小的藩。而在各藩以外的地區，隨著時間的推進，旗本領的比例逐漸提高。至德川家光統治時期，神奈川縣內旗本領的面積已經超過幕府直轄領。英國人三浦按針及他的兒子亦曾在三浦半島擁有封地。 19世紀之後，由於多次飢荒導致農村秩序不穩，幕府被迫開始改革。小田原藩亦在1828年（文政11年）開始著手改革藩政，將年貢率改為40%。此後小田原藩還起用二宮尊德，展開報德仕法，嘗試重建農村。與此同時，歐洲各國亦開始重新試圖打開日本國門。1818年（文政元年），英國船隻進入神奈川縣海域，向浦賀奉行提出交涉要求。1837年（天保八年），美國商船馬禮遜號駛入浦賀海域，遭到浦賀奉行的砲擊，是為馬禮遜號事件。1853年（嘉永六年），美國海軍將領马休·佩里率領艦隊進入浦賀海域，並
73085,神奈川縣,戰國及江戶時代,3,神奈川縣海域，向浦賀奉行提出交涉要求。1837年（天保八年），美國商船馬禮遜號駛入浦賀海域，遭到浦賀奉行的砲擊，是為馬禮遜號事件。1853年（嘉永六年），美國海軍將領马休·佩里率領艦隊進入浦賀海域，並在久里濱登陸，要求日本開國，史稱黑船來航。幕府接受了佩里提出的要求開國的文書，但表示需要時間考慮。佩里則表示會在翌年再次來訪。翌年佩里再訪日本，和江戶幕府簽訂《神奈川條約》，結束了日本的鎖國時代。1858年（安政五年），日美兩國簽訂《美日修好通商條約》，規定在翌年開放神奈川港（位置靠近神奈川宿）為通商港口。但因神奈川過於靠近江戶且地處東海道這一交通要道之上，德川幕府實際開放了位於神奈川附近、當時還是小漁村的橫濱村為港口，並詭辯橫濱亦是神奈川的一部分。這一做法引發列強的抗議，但隨著貿易的發展使得列強後來接受了這一既定事實。此後橫濱作為日本對外開放的窗口得到發展，取代小田原成為現神奈川縣轄區內的中心城市。
73085,神奈川縣,明治維新至二戰期間,0,1868年（慶應四年）4月11日，江戶城實現無血開城。神奈川奉行所亦在同年4月20日被新政府接收。神奈川奉行所的後繼行政部門是神奈川裁判所。6月17日，神奈川裁判所更名為神奈川府。在神奈川府成立時，其管轄範圍僅有以橫濱為起點的40公里內範圍。9月21日，神奈川府更名為神奈川縣。1871年實施廢藩置縣後，現神奈川縣轄區內設有神奈川縣、六浦縣、荻野山中縣、小田原縣。後小田原縣在1871年11月和荻野山中縣、韮山縣合併為足柄縣。六浦縣亦在同時和神奈川縣合併。現神奈川縣轄區內分為神奈川縣和足柄縣兩個縣。1876年，足柄縣原相模國部分併入神奈川縣，原伊豆國部分則併入靜岡縣。至此現神奈川縣的雛形確立。 隨著明治維新的進行，神奈川縣各地出現新的產業，經濟逐漸近代化。例如日本最初的香皂就是在現橫濱市磯子區生產；高座郡、多摩郡、津久井郡、愛甲郡的養蠶產業快速發展，並利用交通優勢直接從橫濱出口，成為日本重要的外匯來源。然而在1880年代，由於時任大藏大臣松方正義的緊縮政策影響，神奈川縣農村經濟陷入深刻蕭條，並在之後擴大至工業。這一經濟狀況引發了農村社會的劇變，不僅農民生活困苦，地主階級亦遭到影響，並成為誘
73085,神奈川縣,明治維新至二戰期間,1,外匯來源。然而在1880年代，由於時任大藏大臣松方正義的緊縮政策影響，神奈川縣農村經濟陷入深刻蕭條，並在之後擴大至工業。這一經濟狀況引發了農村社會的劇變，不僅農民生活困苦，地主階級亦遭到影響，並成為誘發自由民權運動的原因之一。由於神奈川縣政府有意將自由民權運動高漲的多摩地方剝離，加上多摩地方是東京府的水源，1893年4月1日，西多摩郡、南多摩郡、北多摩郡從神奈川縣劃入東京府。神奈川縣確立現在的縣境。 都市化的開始是明治時期神奈川縣社會最重要的變化。在明治時期，神奈川縣人口增加最明顯的地區是橫濱市和橫須賀町（現橫須賀市）。前者的發展得益於對外貿易，而後者則歸因於海軍。1884年，日本政府設立了橫須賀鎮守府，從此橫須賀作為「軍都」得到發展，成為三浦半島的中心都市。人口流動的增加和交通的發展互為因果。日本第一條鐵路即在1872年開通於新橋站（位置靠近現汐留）和橫濱站（位於現櫻木町站）之間。此後神奈川縣內相繼開通了橫濱至靜岡縣御殿場、橫濱至橫須賀的橫須賀線、東神奈川站至八王子站的橫濱鐵道（現橫濱線）等鐵路，極大的促進神奈川縣內的人流和物流往來。1875年，橫濱和上海之間的定期航路開始運行。此後
73085,神奈川縣,明治維新至二戰期間,2,奈川縣內相繼開通了橫濱至靜岡縣御殿場、橫濱至橫須賀的橫須賀線、東神奈川站至八王子站的橫濱鐵道（現橫濱線）等鐵路，極大的促進神奈川縣內的人流和物流往來。1875年，橫濱和上海之間的定期航路開始運行。此後在19世紀內，橫濱擁有了前往亞洲、歐洲、美洲、澳洲各地的定期航路，成為東日本的海運中心。進入20世紀後，神奈川縣的經濟開始工業化。現川崎市及橫濱市鶴見區沿海一帶開始出現大規模工廠，逐漸發展為京濱工業地帶。 1923年9月1日，相模灣西北部發生關東大地震，導致神奈川縣內超過三萬人死亡或失踪。地震中尤以橫濱市受災最為嚴重，有約2.3萬人遇難（相當於總人口的5%）。但此後神奈川縣迅速開始重建。縣內的鐵路網進一步完善。以軍需產業為代表的工業亦在震後快速發展。在1931年至1941年的10年內，神奈川縣的工廠數增加了2.7倍，工業生產額更增加了11.7倍。因靠近東京且地價低廉，神奈川縣中部的相模原地區在1930年代後興建了陸軍士官學校、相模陸軍造兵廠等眾多陸軍設施，有「軍都」之稱。然而太平洋戰爭開始後，隨著戰況的惡化，民眾的生活必需品改採配給制。1944年開始，神奈川縣內各都市開始成為盟軍大規模空襲
73085,神奈川縣,明治維新至二戰期間,3,1930年代後興建了陸軍士官學校、相模陸軍造兵廠等眾多陸軍設施，有「軍都」之稱。然而太平洋戰爭開始後，隨著戰況的惡化，民眾的生活必需品改採配給制。1944年開始，神奈川縣內各都市開始成為盟軍大規模空襲的目標。1945年5月29日的橫濱大空襲時，橫濱市有超過30萬人受災。
73085,神奈川縣,戰後至今,0,1945年8月30日，道格拉斯·麥克阿瑟抵達位於神奈川縣內的厚木基地，並在抵日當晚下榻於橫濱市新格蘭飯店，開啟了同盟國軍事佔領日本時期。由於神奈川縣內軍事基地眾多，因此被美軍接收的區域比例亦大幅高於日本平均。橫濱市中心主要商業區、橫須賀市及相模原町（現相模原市）大部分地區均被美軍接收。橫濱一市就佔了日本全國美軍接收面積的62%。1950年代後，美軍開始逐漸返還橫濱市中心的接收地。但在1964年和1977年，神奈川縣內相繼發生大和美軍機墜毀事件及橫濱美軍機墜毀事件，引發輿論的強烈抗議。但現在神奈川縣內仍有座間基地、厚木海軍飛行場等大型美軍基地。美國海軍第七艦隊司令部亦設在神奈川縣內的橫須賀市。 1950年代之後，隨著韓戰引發的經濟特需，神奈川縣的工業得以復甦，產業開始快速發展。在高度經濟成長期，重工業是神奈川縣經濟發展的主要動力。政府在自多摩川河口至橫濱市沿海新建了眾多填海地，以作為工業用地。內陸的海老名町（現海老名市）及相模原市等地的工業亦有發展，但以金屬加工、機械製造等產業為主。若以1955年時神奈川縣的工業生產指數為100，在1960年時已增加至321，1965年時增加至626。但
73085,神奈川縣,戰後至今,1,。內陸的海老名町（現海老名市）及相模原市等地的工業亦有發展，但以金屬加工、機械製造等產業為主。若以1955年時神奈川縣的工業生產指數為100，在1960年時已增加至321，1965年時增加至626。但經濟的快速發展和急速的都市化亦引發環境污染、交通堵塞等問題。1960年代開始，神奈川縣兩大政令指定都市相繼選出左派市長（橫濱市長飛鳥田一雄，以及川崎市長伊藤三郎）。1975年，長洲一二當選神奈川縣知事，象徵神奈川縣本身亦成為左派執政的革新自治体。但他在上任後不久就開始了除日本共產黨外的主要政黨皆為執政黨的全執政黨體制，並延續至他的後任者岡崎洋。 因東京一極集中的進展，神奈川縣的人口在戰後加速增加。東海道線在1956年實現全線電氣化之後，隨著特急等優等列車的增加，湘南地區人口開始快速增加，成為東京郊外的睡城。在內陸地區，隨著田園都市線等內陸地區鐵路路線的開通，神奈川縣中部內陸地區的開發得到加快，迅速宅地化。私鐵公司在開通新路線的同時亦對沿線進行一體開發，吸引人口入住。當地政府亦在內陸興建港北新城等大規模新市鎮，試圖緩解住宅供給的壓力。日本泡沫經濟時期，神奈川縣舉辦了橫濱博覽會，並以此為契機推
73085,神奈川縣,戰後至今,2,迅速宅地化。私鐵公司在開通新路線的同時亦對沿線進行一體開發，吸引人口入住。當地政府亦在內陸興建港北新城等大規模新市鎮，試圖緩解住宅供給的壓力。日本泡沫經濟時期，神奈川縣舉辦了橫濱博覽會，並以此為契機推進了港未來21地區的開發，試圖承接自東京都外溢的都市機能。然而此後由於泡沫經濟崩潰，不僅導致港未來21地區開發延遲，神奈川縣內亦出現產業空洞化的現象。但這也使得眾多前工場用地轉為住宅用地，使得神奈川縣在少子高齡化的情況下仍然維持人口增長，並促成武藏小杉等郊外新城的發展。2003年，松澤成文當選神奈川縣知事，一度終結超過20年的全執政黨體制。但自2007年神奈川縣知事選舉之後，神奈川知事當選者又回到全執政黨支持的狀態。2012年，神奈川縣公佈了《神奈川远景规划》，規劃了至2025年神奈川縣總體的政策構想。以應對少子高齡化時代的社會變化。
73085,神奈川縣,人口,0,"1878年時，神奈川縣約有人口57萬人。僅僅9年後，這一數字就增加至72萬人。1897年時，神奈川縣人口增加到約89萬人，在近二十年的時間內增長超過1.5倍，遠超同期日本全國平均值的1.2倍。1920年日本首次人口普查時，神奈川縣有人口132萬3,390人。此後至1970年代中期，除了二戰期間之外，神奈川縣人口持續快速增加。1970年人口普查時，神奈川縣人口達到547萬2,247人。1970年代中期後，由於人口流入的減緩和出生率的降低，神奈川縣人口成長趨緩。1991年，神奈川縣人口超過800萬人。2006年，神奈川縣人口超過大阪府，成為日本人口第二多的一級行政區。2009年，神奈川縣人口超過900萬人。2020年日本人口普查時，神奈川縣有人口923萬7,337人，人口密度是每平方公里3,823人。 自戰後至1970年代，外來人口流入是神奈川縣人口增加的主因。但在1970年代中期至2000年左右（1980年代後期的泡沫經濟時期除外），由於人口流入的減少，自然增長取代社會增長，成為神奈川縣人口增加的主因。2000年代中期後，由於出生率的持續下降，社會增長再次成為神奈川縣人口增加的來源。神奈"
73085,神奈川縣,人口,1,左右（1980年代後期的泡沫經濟時期除外），由於人口流入的減少，自然增長取代社會增長，成為神奈川縣人口增加的主因。2000年代中期後，由於出生率的持續下降，社會增長再次成為神奈川縣人口增加的來源。神奈川縣和日本其它地區相同，面臨嚴重的人口老齡化、少子化問題。2020年時，神奈川縣總人口中，有62.4%的年齡在15至64歲、25.6%是65歲以上的高齡人口、15歲以下的年少人口則僅有12%。2018年時，神奈川縣的總和生育率是1.33，低於日本平均值的1.42，在各都道府縣中名列倒數第五。持續上升的未婚率亦是導致出生人口減少的原因。2014年開始，神奈川縣的死亡人口數已超過出生人口數，人口自然增長率為負數。且自2021年開始，神奈川縣人口出現統計開始以來首次減少，顯示外來人口流入已不足以彌補自然減少。預計在2050年時，神奈川縣人口可能減少至810萬。在人口增長趨緩的同時，家庭規模則持續縮小。2015年時，神奈川縣的戶均人數有2.26人，比1985年時的2.98人顯著減少。 就地區分佈來看，神奈川縣的人口高度集中在都市地區，其中又以靠近東京都的川崎市、橫濱市密度最高。三個政令指定都市的人
73085,神奈川縣,人口,2,"。2015年時，神奈川縣的戶均人數有2.26人，比1985年時的2.98人顯著減少。 就地區分佈來看，神奈川縣的人口高度集中在都市地區，其中又以靠近東京都的川崎市、橫濱市密度最高。三個政令指定都市的人口佔神奈川縣總人口的比例約有65.4%，其中橫濱市及川崎市人口合計佔神奈川縣過半人口。除了橫濱及川崎之外，中部的縣央地區和南部的湘南地區人口亦在百萬以上。橫須賀三浦地區、縣西地區則人口較少，且減少速度亦快於其它地區。川崎市、橫濱市北部地區、縣央及湘南的部分地區則仍維持人口增加。二戰之後，神奈川縣的人口集中地區顯著向內陸擴大。 神奈川縣人口中有相當比例在東京都就業。神奈川縣15歲以上的就業及通學人口中，有38.6%通勤或就學在川崎・橫濱地區，有20%通勤或就學在東京都區部。這也使得神奈川縣白天的人口顯著少於夜間人口。2020年人口普查時，神奈川縣白天的人口有8,305,714人，是夜間人口的89.9%。居住在神奈川縣，但在東京都就業或就讀的人口被稱為神奈川都民，以川崎市、橫濱市港北區、青葉區、都筑區最多。 神奈川縣是日本外國人人口較多的縣。2022年時，神奈川縣的外國人人口約有22.2萬人，"
73085,神奈川縣,人口,3,.9%。居住在神奈川縣，但在東京都就業或就讀的人口被稱為神奈川都民，以川崎市、橫濱市港北區、青葉區、都筑區最多。 神奈川縣是日本外國人人口較多的縣。2022年時，神奈川縣的外國人人口約有22.2萬人，佔神奈川縣總人口的2.41％。神奈川縣的外國人人口中以中國人最多，約有6.8萬人，佔外國人的30.8%；越南人、韓國·朝鮮人、菲律賓人的比例亦超過10%。神奈川縣的中國人人口最多的行政區是橫濱市中區，這裡亦是日本最大唐人街橫濱中華街的所在地；韓國·朝鮮人人口則以川崎市沿海、橫濱市鶴見區等重工業地區較多。橫濱市是神奈川縣外國人最多的自治體，集中了神奈川縣45%的外國人人口。橫濱市中區的人口中有8.9%是外國人。
73085,神奈川縣,宗教,0,"2021年3月時，神奈川縣共有1,132座神社、1,922座佛教寺院、267座基督教教堂、334座其它宗教的設施。2019年時，神奈川縣有神道教徒2,495,090人、佛教徒1,935,534人、基督教徒302,841人、其它宗教信徒612,920人。作為日本最早開國的地區之一，神奈川縣是新教最早在日本開始傳播的地區。橫濱海岸教會是日本第一座新教教堂。現在神奈川縣也是日本基督教人口比例較高的縣。2017年時，神奈川縣每一萬人中有322.8人是基督徒，在日本各都道府縣中名列第三。華人聚居的中華街有橫濱媽祖廟、橫濱關帝廟等中國民間信仰的宗教設施。"
73085,神奈川縣,行政區劃,0,在經過平成大合併後，神奈川縣現轄有19市、13町、1村，比1999年時減少了4個町。按照地形、歷史和生活圈，一般將神奈川縣分為橫濱市、川崎市、橫須賀三浦地區、縣央地區、湘南地區、縣西地區六個地區。 橫濱市在1889年設市，是日本最初設市的城市之一，但當時的轄區範圍僅包括現中區、西區的部分地區，面積僅有5.4平方公里。經過1901年和1911年的兩次合併，橫濱市面積擴大至37平方公里。1927年，橫濱市實施區制並同時擴大轄區。此後橫濱市又在1936年、1937年和1939年經歷了三次轄區範圍擴大，確立了現在的轄區範圍。1994年開始，在新設青葉區、都筑區後，橫濱市共轄有18個區。 川崎市在1924年由川崎町、御幸村、大師町合併設市，是橫濱市、橫須賀市之後神奈川縣第三個設市的市。1972年，川崎市成為政令指定都市，設有5個區。1982年開始，因自高津區分出宮前區、多摩區分出麻生區，川崎市轄區數增加到7個。 橫須賀三浦地區地處神奈川縣的東南端，包括橫須賀市、鎌倉市、逗子市、三浦市、三浦郡葉山町。自1870年代開設海軍工廠開始，橫須賀市逐漸發展成為三浦半島上的中心都市。但在二戰之後，橫須賀市超
73085,神奈川縣,行政區劃,1,增加到7個。 橫須賀三浦地區地處神奈川縣的東南端，包括橫須賀市、鎌倉市、逗子市、三浦市、三浦郡葉山町。自1870年代開設海軍工廠開始，橫須賀市逐漸發展成為三浦半島上的中心都市。但在二戰之後，橫須賀市超過20%的面積一度被美軍接收。1950年代之後，橫須賀市人口快速增加，工業區域亦有擴張。京急本線在1959年的複線化及1966年的延伸更加快了三浦半島的開發。1980年代之後，橫須賀市部分美軍返還的土地作為住宅地得到重新開發。但多山的地形亦限制了橫須賀市的開發，導致橫須賀市人口自1990年代開始持續減少，在神奈川縣的排名亦從長期穩居的第三位下降至現在的第五位。古都鎌倉市及逗子市、葉山町則位於三浦半島西岸，因其地理位置和交通動線，被視為三浦半島、湘南地區、橫濱市三者的過渡地帶。 縣央地區位於神奈川縣西北部，包括相模原市、厚木市、大和市、海老名市、座間市、綾瀨市、愛甲郡愛川町及清川村。這一地區原本缺乏中心城市，直到1930年代後期陸軍相關設施的進出才開始工業化。1941年，上溝町、座間町等6町2村合併為人口約4萬人的相模原町（後座間町在1948年自相模原町分離），成為縣央地區的一大中心據點。二
73085,神奈川縣,行政區劃,2,缺乏中心城市，直到1930年代後期陸軍相關設施的進出才開始工業化。1941年，上溝町、座間町等6町2村合併為人口約4萬人的相模原町（後座間町在1948年自相模原町分離），成為縣央地區的一大中心據點。二戰後相模原町的陸軍設施大部分被美軍接收，現相模原市仍有眾多美軍基地。小田急電鐵、相模鐵道、JR橫濱線對縣央地區的開發起到重要作用。戰後縣央地區憑藉地價和交通優勢成為東京、橫濱兩大都市的睡城，人口快速增加。另一方面，因地價較為低廉，縣央地區亦成為首都圈的一大製造業和物流據點。2010年，合併了津久井郡四町的相模原市升格為政令指定都市，成為神奈川縣第三個政令指定都市。 湘南地區位於神奈川縣南部，包括藤澤市、平塚市、茅崎市、秦野市、伊勢原市、高座郡寒川町、中郡大磯町、二宮町。「湘南」這一地名因德冨蘆花的代表作《自然與文化》而廣為人知。湘南地區最初設市的城市是在1932年設立的平塚市，其次則是1940年設立的藤澤市。在至1970年代的高度經濟成長期，平塚市是湘南地區的中心的城市。但在1990年代之後，藤澤市的人口增長速度超過平塚市。現在湘南地方出現相模川以西以平塚市為中心；相模川以東以藤澤市為中心
73085,神奈川縣,行政區劃,3,年設立的藤澤市。在至1970年代的高度經濟成長期，平塚市是湘南地區的中心的城市。但在1990年代之後，藤澤市的人口增長速度超過平塚市。現在湘南地方出現相模川以西以平塚市為中心；相模川以東以藤澤市為中心的雙核格局。 縣西地區位於神奈川縣西北部，包括小田原市、南足柄市、足柄下郡箱根町、湯河原町、真鶴町、足柄上郡中井町、大井町、松田町、山北町、開成町。這一地區的中心城市小田原在戰國至江戶時代是現神奈川縣轄區內的中心城市。但進入明治時代之後，由於遲至1900年才開通鐵路而發展相對滯後，在神奈川縣內的地位亦明顯下降。直到1934年東海道線途徑小田原市中心後，小田原的發展才得以加快，並在1940年升格為市，成為神奈川縣內第7個市。
73085,神奈川縣,縣政,0,"神奈川縣自二戰後的1947年開始通過普選選出知事。現任神奈川縣知事是黑岩祐治。他在從政之前是富士電視台記者，在2011年神奈川縣知事選舉時首次當選，並在2015年、2019年和2023年成功連任。神奈川縣議會有105名議員，劃為48個選舉區。2023年神奈川縣議會議員選舉時，自民黨獲得了48個議席，是最大黨派；第二大黨則是獲得26席的立憲民主黨。 2019財年，神奈川縣的財政收入和支出均為1兆9,035億日元。在神奈川縣的財政收入中，以縣稅比例最高，佔比超過六成；支出則以教育費佔比最高，但總務費、公債費、民生費亦有15%以上比例。2022年時，在神奈川縣各市町村中，川崎、鎌倉、藤澤、厚木、海老名五市和寒川、箱根二町是財政狀況較優，不需地方交付稅補助的自治體。"
73085,神奈川縣,國政,0,在眾議院方面，神奈川縣擁有18個小選舉區，並預計將在2022年後增設兩個小選舉區。而在比例代表上，神奈川縣屬於南關東比例代表區。在2021年第49屆日本眾議院議員總選舉時，自民黨在神奈川縣的小選舉區取得11個議席，立憲民主黨則取得7個議席。而在比例代表方面，自民黨取得34.2%的得票率，其次是22.2%的立憲民主黨、12.5%的日本維新會、10.8%的公明黨。有12位小選舉區候選人通過比例代表復活當選。21世紀以來，日本政界不乏選區在神奈川縣內之政界大佬，包括兩位日本首相小泉純一郎和菅義偉、前自民黨幹事長甘利明、曾任防衛大臣和外務大臣的河野太郎。 在參議院方面，神奈川縣選舉區擁有8個席位，每三年改選4個席位。現在神奈川縣選舉區的8名參議院議員中有三人是自民黨人士、二人是公明黨人士、二人是立憲民主黨人士、一人是日本維新會人士。2022年第26屆日本參議院議員通常選舉時，神奈川縣參議院比例代表選舉得票最多的政黨是自民黨，得票率超過33%；日本維新會、立憲民主黨、公明黨亦取得10%以上的得票率。
73085,神奈川縣,經濟,0,"2019財年，神奈川縣的縣內生產總值有35兆2,054億日元，佔日本全國的6.29%，在日本一級行政區中排名第4位，於東京都、大阪府、愛知縣之後；和丹麥或哥倫比亞的國內生產總值相當。同年神奈川縣人均縣民所得有319.9萬日元。"
73085,神奈川縣,第一產業,0,2020財年時，神奈川縣的農戶數約有2.13萬戶，在日本排名第39位；農業生產額有655億日元，在日本排名第38位。神奈川縣在2020年時的耕地面積有1.84萬公頃，其中旱田佔比超過80.4%，遠高於日本平均值的45.6%。缺少水田的三浦半島是神奈川縣的一大蔬菜水果產地，蘿蔔、西瓜等作物是這裡的主要農產品。神奈川縣內陸地區同樣因為台地地形而以旱田為主，養蠶曾是這裡的主要農業，但其規模在二戰後不斷縮小。大正時代之後，畜牧業和園藝農業取代養蠶業，成為這裡農業的主要構成產業。現在神奈川縣農業呈現出都市近郊型農業的特徵，以蔬菜水果、畜產品等注重鮮度且附加價值較高的農產品為主，人均生產農業所得亦因此高於日本平均水準。神奈川縣的捲心菜、蘿蔔、奇異果、大花三色堇等農作物的產量位居日本前列。「金絲201號」捲心菜、「都」南瓜、津久井大豆是具代表性的神奈川縣發祥的農作物品種。足柄茶是神奈川縣特產的日本茶。神奈川縣農業生產額中有約兩成是畜牧業貢獻。而畜牧業產值中以豬最多，其次是乳牛和雞。神奈川縣的林業生產額在日本排名第46位，主要林業產品是栽培菌類。 2018年時，神奈川縣的漁業生產量約有2.9萬噸，其中
73085,神奈川縣,第一產業,1,奈川縣農業生產額中有約兩成是畜牧業貢獻。而畜牧業產值中以豬最多，其次是乳牛和雞。神奈川縣的林業生產額在日本排名第46位，主要林業產品是栽培菌類。 2018年時，神奈川縣的漁業生產量約有2.9萬噸，其中遠洋漁業佔比近六成，沿岸漁業佔比近四成。神奈川縣沿岸漁業中以鯡科魚類捕撈量最多，其次是鯖魚、日本竹筴魚。三浦市是神奈川縣漁獲量最多的市。三浦半島南端的三崎港自1920年代開始成長為日本一大遠洋漁業基地，以鮪魚的漁獲量比例最高。除了海水魚之外，神奈川縣在相模川等淡水水域亦有內水漁業，主要漁種是香魚。利用魚漿生產的蒲鉾是小田原市的名產。
73085,神奈川縣,第二產業,0,"1977年時，第二產業曾佔神奈川縣內生產總值的49%，遠高於日本平均值36%。但隨著經濟的去工業化，這一比例在2002年下降至26%，和日本平均水準無異。神奈川縣在2020年的製造品生產金額有17兆7,255億日元，僅次於愛知縣，位居日本次席。橫濱市和川崎市的製造品生產金額均超過3兆日元。其中橫濱市的製造業事業所和從業人數均遠超過川崎市，但兩者的製造品生產金額接近，顯示中小企業在橫濱市製造業佔據更大比重。藤澤市、平塚市、相模原市的製造品生產金額亦超過1兆日元。以生產金額來看，輸送機械佔據神奈川縣工業最大比重，有23.9%；其次是佔比11.5%的化學工業、佔比11%的石油工業、佔比9.2%的食品工業。但若以從業人數看，輸送機械雖仍然維持首位，食品工業則超過其它產業排名第二。 自川崎市至橫須賀市沿海的京濱工業地帶是日本三大工業地帶之一。這一地區的工業化開始於20世紀初期，最初在這裡設廠的企業是明治製糖（現DM三井製糖控股）和東京芝浦電氣（現東芝）。憑藉水陸交通之便、豐富的水資源通過填海獲得的大量土地，日本鋼管（現JFE控股）、味之素、淺野水泥（現太平洋水泥）等企業相繼在川崎市沿海開設工廠。"
73085,神奈川縣,第二產業,1,明治製糖（現DM三井製糖控股）和東京芝浦電氣（現東芝）。憑藉水陸交通之便、豐富的水資源通過填海獲得的大量土地，日本鋼管（現JFE控股）、味之素、淺野水泥（現太平洋水泥）等企業相繼在川崎市沿海開設工廠。但重工業的發展亦帶來嚴重的環境污染問題。隨著產業外移，川崎市沿海地區的工業品生產額在1980年代後陷入停滯，工業就業人口亦持續減少。1990年代之後，資源循環利用等環保產業成為川崎市沿海地區新的重要產業。川崎市內陸的武藏小杉等地曾聚集了東芝、日本電氣（NEC）、富士通等電機企業的工廠。但由於產業外流，現在這些企業大多已將生產據點遷出川崎，主要保留研發據點。橫濱市沿海地區的工業開發則略晚於川崎市，主要開始於1930年代之後。1960年代中期之後，橫濱市內陸地區的工業開始發展，並在1990年代之後取代沿海成為橫濱市主要的工業區。在內陸地區，開業於1938年的相模陸軍兵器製造所的開業開啟了神奈川縣內陸地區的工業發展。戰後眾多前軍用用地被轉為民用，適合改為工業園區，為工業發展提供了條件。1960年代後，為緩和環境污染及平衡發展，神奈川縣政府有意圖的促進製造業從沿海轉移至內陸。和以重化學、鋼鐵工業為
73085,神奈川縣,第二產業,2,陸地區的工業發展。戰後眾多前軍用用地被轉為民用，適合改為工業園區，為工業發展提供了條件。1960年代後，為緩和環境污染及平衡發展，神奈川縣政府有意圖的促進製造業從沿海轉移至內陸。和以重化學、鋼鐵工業為主的沿海地區相對，內陸的工業地區以汽車相關、電機產業為主。 在神奈川縣設廠的第二產業著名企業，在汽車、機械方面包括日產汽車、五十鈴等；在能源、環境方面包括Solar Frontier、富士胶片等；在電子、通訊方面包括索尼、富士膠片商業創新等；在生物、生命科學方面包括武田藥品工業、味之素等。
73085,神奈川縣,第三產業,0,"第三產業佔神奈川縣經濟活動的七成以上，其中比例最大的是不動產業。創立於1920年的橫濱銀行是神奈川縣最主要的地方銀行，亦是日本存款金額最多的地方銀行。神奈川銀行是神奈川縣的第二地方銀行，僅在神奈川縣內設有分行。 2014財年時，神奈川縣的批發業年銷售額有9兆3,249億日元，零售業有7兆6,089億日元。2016年，神奈川縣的年商品銷售額約有22.5兆日元。由於有眾多神奈川縣民平時在東京都購物，因此神奈川縣的商圈規模相較其人口規模大多偏小。2002年時，橫濱市和川崎市的人均商品銷售額均低於日本平均值，顯示神奈川縣民在縣外購物的情況十分普遍。橫濱市的主要商業中心包括了橫濱站附近地區、關內·伊勢佐木地區，以及連接兩者的港未來地區。1980年代之後，隨著內陸人口的增加和汽車化社會的進展，橫濱市內陸的港北新城等地出現大量沿公路店鋪及大型購物中心，顯示零售業從鐵路時代的以車站為中心的形態發生顯著變化。川崎站附近原本工廠眾多，影響了商業發展。但在21世紀後，川崎站西口出現了修建在工廠舊址上的LAZONA川崎廣場這一大型商業設施，使得川崎站商圈的規模有顯著提高。人口顯著增加的武藏小杉地區則成為川崎市"
73085,神奈川縣,第三產業,1,。川崎站附近原本工廠眾多，影響了商業發展。但在21世紀後，川崎站西口出現了修建在工廠舊址上的LAZONA川崎廣場這一大型商業設施，使得川崎站商圈的規模有顯著提高。人口顯著增加的武藏小杉地區則成為川崎市內陸最大的商業中心。神奈川縣內陸的大型商圈有地處JR橫濱線和小田急線的相模大野站一帶、本厚木站一帶等地。受到購物者更偏愛在大型店鋪購物趨勢的影響，神奈川縣的商店街數量在近年持續減少。 神奈川縣有491所研究開發所，在日本名列第二。橫須賀研究園區是日本一大通訊產業的研發中心。著名遊戲企業光榮特庫摩的總部設在神奈川縣。
73085,神奈川縣,方言,0,神奈川縣方言屬於西關東方言的一部分，和日語標準語的區別較少。神奈川縣內的方言大致可以丹澤山地為界，北部方言包括津久井郡、愛甲郡，南部方言則包括其它地區。在橫濱開港初期，曾出現過以日語為基礎的皮欽語—橫濱皮欽日語。現在橫濱皮欽日語雖已不再有人使用，但其中部分詞彙，如「ポンコツ（原意為「毆打」，後演變為「破爛」「不堪使用」）」沿用至今，成為日語口語中的常見詞彙。
73085,神奈川縣,文學,0,出身於神奈川縣的中里恒子是日本第一位獲得芥川龍之介獎的女性作家。橫濱市出身的角田光代則是日本文學界另一權威大獎直木賞的得主。《鞍馬天狗》的作者大佛次郎、《吉川三國志》的作者吉川英治則是神奈川縣出身的著名通俗小說作家。芥川龍之介、川端康成、谷崎潤一郎等日本文壇泰斗亦曾在神奈川縣居住過，並留下以神奈川縣為舞台的作品；如芥川龍之介的《蜜柑》以橫須賀為舞台。神奈川縣在1984年開設了神奈川近代文學館，現已成為日本規模最大的近代文學資料館之一。
73085,神奈川縣,媒體,0,"神奈川新聞創刊於1890年，是神奈川縣唯一的地方報紙。2016年時，神奈川新聞的日發行份數有186,421份，在神奈川縣排名第四位。三浦市、橫須賀市等地是神奈川新聞市場佔有率最高的地區；而在距東京最近的川崎市，神奈川新聞的佔有率僅有2%左右。開播於1972年的神奈川電視台是唯一一家以神奈川縣為播出地區的電視台，亦是關東地方第三個獨立電視台。神奈川新聞社是神奈川電視台的最大股東，此外神奈川縣政府及神奈川縣各地方自治體亦有入股神奈川電視台。音樂節目及平日午間的自製資訊節目是神奈川電視台的招牌節目。除了電視本業之外，神奈川電視台亦有經營住宅展示場等業務。橫濱FM放送是以神奈川縣為播出地區的獨立系調頻廣播電台，開播於1985年。NHK設有橫濱放送局，但僅製作廣播節目。"
73085,神奈川縣,博物館及圖書館,0,神奈川縣博物館和美術館眾多，且覆蓋多種不同領域和類型。開設於1951年的神奈川縣立近代美術館是日本第一家公立近代美術館，所藏展品約有1.5萬件。除了綜合美術館之外，神奈川縣還擁有藤子·F·不二雄博物館、川崎市岡本太郎美術館等聚焦藝術家個人的美術館。箱根是日本的一大私立美術館的集中地區，擁有POLA美術館、箱根美術館、箱根雕刻森林美術館等私立美術館。橫須賀美術館、平塚市美術館則是三浦半島及湘南地區代表性的美術館。 神奈川縣立歷史博物館開設於1967年，舊名神奈川縣立博物館，是日本公立綜合博物館的先驅。1995年後，神奈川縣立博物館的自然史部分獨立為神奈川縣立生命之星·地球博物館，神奈川縣立歷史博物館則專注於人文領域。神奈川縣有眾多企業設立的專注於特定領域的企業博物館，如日本郵船歷史博物館、日清食品的合味道博物館、東急電鐵的電車與巴士博物館、東芝未來科學館。 神奈川縣立圖書館開設於1954年，本館位於橫濱市西區紅葉丘，建築由前川國男設計。2022年，神奈川縣立圖書館本館新館竣工。神奈川縣立川崎圖書館位於川崎市高津區。和專注收集社會、人文系資料的神奈川縣立圖書館相對，川崎圖書館則收藏蒐集工學
73085,神奈川縣,博物館及圖書館,1,本館位於橫濱市西區紅葉丘，建築由前川國男設計。2022年，神奈川縣立圖書館本館新館竣工。神奈川縣立川崎圖書館位於川崎市高津區。和專注收集社會、人文系資料的神奈川縣立圖書館相對，川崎圖書館則收藏蒐集工學、產業技術、自然科學領域的圖書，並擁有日本屈指的公司史藏書規模。2019年時，神奈川縣的兩座縣立圖書館合計收藏有超過120萬冊圖書。位於橫濱市中區的放送圖書館專門蒐集電視廣播的歷史資料，並向公眾免費開放。
73085,神奈川縣,傳統工藝,0,神奈川縣的鎌倉雕、箱根寄木細工、小田原漆器被列入經濟產業省指定的指定傳統的工藝品。鎌倉雕起源於鎌倉時代禪宗傳入日本，最初是佛教工藝品，但在江戶時代隨茶道的普及而擴大至民間。寄木細工是箱根地區利用當地樹木資源生產的傳統工藝品，其傳統紋樣超過60種，可分為「挽物」（使用陶輪生產的器具）和「指物」（主要指箱形器具）兩種類型。小田原漆器起源於室町時代中期，並站戰國時代得到發展，在江戶時代中期確立技術。其產品範圍橫跨生活用品至武具。除了上述三種工藝品之外，神奈川縣還擁有相州不倒翁、大山陀螺、湘南七寶燒、三崎大漁旗等傳統工藝品。
73085,神奈川縣,節慶活動,0,小田原北條五代祭和在座間市舉辦的大風箏祭是神奈川縣在黃金周時期的兩大活動。前者再現了後北條氏統治時期的景象；後者吸引約10萬人參觀，使用的最大的風箏重量達約一噸。每年6月2日前後舉辦的橫濱開港祭是紀念橫濱在1859年對外開港的活動，自1981年開始舉辦，是橫濱市民規模最大的集體活動。湘南平塚七夕祭是關東三大七夕祭之一。神奈川大和阿波舞有超過40年的歷史，是神奈川夏季最大的阿波舞活動，亦是「關東三大阿波舞」之一。箱根大名行列再現了江戶時代大名參勤交代的景觀，在每年11月3日文化之日舉行。
73085,神奈川縣,飲食,0,卷纖湯據傳起源於鎌倉市建長寺，是神奈川縣具代表性的傳統鄉土料理。大山地區的豆腐料理亦是神奈川縣具代表性的傳統鄉土料理。近代之後，作為日本最早全面接受西洋文化的地區之一，神奈川縣是外國菜餚進入日本的窗口，亦因此使得外國菜餚成為神奈川縣飲食文化的重要部分。如燒賣就是神奈川縣具代表性的食品之一。橫濱公司崎陽軒不僅是日本著名燒賣企業，甚至在台灣開設有店鋪。日式拿坡里義大利麵亦發祥於橫濱。舊日本海軍的代表菜餚海軍咖哩是橫須賀市的代表飲食，已有超過百年歷史。
73085,神奈川縣,教育,0,"神奈川縣現在有52所四年制大學、2所大學院大學、14所短期大学。2021年時，神奈川縣大學生人口約有18.4萬人，在日本全國名列第四。神奈川縣規模最大的國立大學橫濱國立大學創立於1949年，其前身是創立於1876年的橫濱師範學校，總部位於橫濱市保土谷區。橫濱國立大學現在是擁有五個學部和超過9,000名學生的綜合性大學。橫濱市立大學則是神奈川縣規模最大的公立大學，前身是設立於1882年的橫濱商法學校，正式創立年份則是1949年。橫濱市立大學總部位於橫濱市金澤區，現在設有五個學部，學生人數超過5,000人。主要校區位於神奈川縣的大型綜合性私立大學有創建於1928年神奈川大學、創立於1949年的關東學院大學等大學。日本私學界的名門慶應義塾大學在神奈川縣內設有日吉、矢上、湘南藤澤三個大型校區。明治大學（在川崎市設有生田校區）、青山學院大學（在相模原市設有相模原校區）、專修大學（在川崎市設有生田校區）等綜合性私立大學亦在神奈川縣設有校區。 2019年時，神奈川縣有889所小學、476所中學校和235所高等學校。慶應義塾大學的附屬高校慶應義塾高等學校是神奈川縣代表性的進學校之一。神奈川縣立柏陽高等"
73085,神奈川縣,教育,1,）等綜合性私立大學亦在神奈川縣設有校區。 2019年時，神奈川縣有889所小學、476所中學校和235所高等學校。慶應義塾大學的附屬高校慶應義塾高等學校是神奈川縣代表性的進學校之一。神奈川縣立柏陽高等學校、神奈川縣立厚木高等學校等高校被文部科學省指定為超級科學高校。
73085,神奈川縣,體育,0,橫濱DeNA海灣之星是日本職棒現在唯一以神奈川縣內地區為主場的球隊，迄今在1960年和1998年兩次獲得日本冠軍。位於橫濱公園的橫濱球場是橫濱DeNA海灣之星的主場球場，亦是2020年夏季奧林匹克運動會棒球和壘球比賽的舉辦場地之一。神奈川縣是高中棒球的激戰區。神奈川縣的高中迄今七次獲得全國高等學校棒球錦標賽冠軍，和東京都、兵庫縣、廣島縣、愛媛縣並列第四位。橫濱中學校及高等學校、東海大學附屬相模高等學校及中等部均曾兩度獲得全國高等學校棒球錦標賽冠軍。神奈川縣的足球運動亦十分興盛，擁有橫濱水手、川崎前鋒、湘南比馬、橫濱FC、橫濱體育及文化會、相模原體育會以及川崎海牛七家J聯賽球隊。位於橫濱市港北區的日產體育場在2002年國際足協世界盃舉辦了包括決賽在內的四場比賽。 除了棒球和足球這兩大體育項目之外，神奈川縣亦擁有橫濱海盜和川崎勇者雷霆兩個B聯賽球隊，以及橫濱佳能鷹和三菱重工相模原靈動豬兩個職業橄欖球球隊。1920年開始舉辦，每年新年在東京大手町至箱根蘆之湖之間舉辦的箱根驛傳大部分路段位於神奈川縣境內，是日本高校體育界的一大盛事，連年吸引上百萬觀眾的沿線觀看。神奈川縣的水上體育亦十分興盛，湘
73085,神奈川縣,體育,1,橄欖球球隊。1920年開始舉辦，每年新年在東京大手町至箱根蘆之湖之間舉辦的箱根驛傳大部分路段位於神奈川縣境內，是日本高校體育界的一大盛事，連年吸引上百萬觀眾的沿線觀看。神奈川縣的水上體育亦十分興盛，湘南海岸及三浦半島是日本衝浪、帆船等海上體育的一大聖地。
73085,神奈川縣,觀光,0,"神奈川縣觀光資源豐富。據2021年地域品牌調査，神奈川縣的魅力度在各都道府縣排名第六位。2019年，神奈川縣的觀光客人數達2億467萬人次，其中在神奈川縣過夜的觀光客有1,735萬人次。橫濱·川崎地區是神奈川縣觀光客最多的地區，其次是湘南地區和箱根·湯河原地區；觀光客中有249萬人是外國人。川崎市的平間寺又名川崎大師，已有近900年的歷史，是日本每年初詣參拜人數最多的寺院之一。川崎市的眾多工廠現在亦成為重要的觀光資源，工廠夜景遊船及巴士吸引眾多遊客。 橫濱市的港未來21地區不僅是橫濱市新興的CBD，亦獲得了「都市景觀100選」入選的肯定，擁有臨港公園等景點。橫濱開港後最先得到開發的中區現仍保留有橫濱紅磚倉庫、象鼻公園等關東大地震之前修建的地標。橫濱中華街是日本規模最大的唐人街，其歷史開始於18世紀後期，聚集了眾多中餐廳及亞洲物產店。副都心線和東橫線的直通運轉開始之後，橫濱中華街的遊客數更加增加，吸引了眾多埼玉縣方面的遊客。同樣位於橫濱市中區的山下公園、元町公園是橫濱市代表性的都市公園。前者是關東大地震後利用瓦礫填海的產物；後者保存有眾多橫濱開港初期的西洋式歷史建築。三溪園曾是企業家原富"
73085,神奈川縣,觀光,1,"增加，吸引了眾多埼玉縣方面的遊客。同樣位於橫濱市中區的山下公園、元町公園是橫濱市代表性的都市公園。前者是關東大地震後利用瓦礫填海的產物；後者保存有眾多橫濱開港初期的西洋式歷史建築。三溪園曾是企業家原富太郎的邸宅，亦是橫濱市少見的大規模傳統日式庭園，內有10棟重要文化財建築。位於金澤區的橫濱八景島海島樂園則是橫濱市的主要遊樂園兼水族館，亦是眾多電影電視劇的取景地。 相模灣沿岸的湘南海岸作為觀光地的歷史開始於明治時代初期。大磯在1885年開設了海水浴場，是湘南最初的海水浴場。此後鎌倉、片瀨等地亦相繼開設了海水浴場及療養設施。1887年橫濱至國府津之間的東海道線開通之後，湘南的觀光開發更得以加速。兼具自然海蝕景觀與人文歷史的江之島是湘南觀光的核心地區。開業於1957年的大磯長灘是日本水上樂園的先驅。靠近湘南的鎌倉市憑藉其古都景觀常年吸引超過2,000萬人次的遊客。擁有鎌倉大佛的高德院、自鎌倉時代開始就是都市中心的鶴岡八幡宮等地是鎌倉市最著名的景點。鎌倉五山之一的圓覺寺舍利殿是日本國寶。橫須賀市則以其軍港景觀而著稱。而溫暖的氣候及海岸風光亦促成湘南海岸及其鄰近的三浦半島成為一大度假區。日本皇室"
73085,神奈川縣,觀光,2,開始就是都市中心的鶴岡八幡宮等地是鎌倉市最著名的景點。鎌倉五山之一的圓覺寺舍利殿是日本國寶。橫須賀市則以其軍港景觀而著稱。而溫暖的氣候及海岸風光亦促成湘南海岸及其鄰近的三浦半島成為一大度假區。日本皇室在這一地區設有葉山御用邸。眾多社會名流和富裕人士亦在湘南、鎌倉、三浦半島地區擁有別墅。 神奈川縣央的丹澤山地地區遠足活動興盛。丹澤山地的部分地區被指定為丹澤大山國定公園；其東南端的大山有大山阿夫利神社，吸引眾多信者參拜。位於神奈川縣西南部的箱根溫泉在2005年有491處源泉，湧出量佔日本全國的0.8%。箱根溫泉的泉質多達14種，有「溫泉百貨店」之稱。憑藉優良的泉質和以富士山為背景的優美景觀，箱根在江戶時代就已經是一大溫泉觀光地。明治維新之後，箱根因其涼爽的氣候而成為外國人偏愛的避暑療養地，修建了眾多別墅和酒店。此後日本皇室及政財界大佬亦開始在箱根修建別墅，使得箱根發展為一大溫泉療養地。20世紀初期箱根登山鐵道的開業令箱根的連外交通大幅改善，使得箱根成為大眾階層亦觸手可及的觀光地。戰後的箱根除了溫泉和度假設施，亦修建了眾多文化設施，如1969年開業的箱根雕刻森林美術館，令箱根成為一大美術館聚
73085,神奈川縣,觀光,3,"初期箱根登山鐵道的開業令箱根的連外交通大幅改善，使得箱根成為大眾階層亦觸手可及的觀光地。戰後的箱根除了溫泉和度假設施，亦修建了眾多文化設施，如1969年開業的箱根雕刻森林美術館，令箱根成為一大美術館聚集地。1960年時，箱根全年的觀光客有950萬人次；在1991年，這一數字增加到2,247萬人次。近年箱根的觀光人數受火山活動影響較強。2017年時，箱根町的觀光客人數有2,152萬人次，其中住宿客有469.4萬人次。位於箱根附近、神奈川縣西南端的湯河原地區同樣是神奈川縣的一大溫泉觀光地。箱根觀光的入口小田原市以其的城下町歷史而著稱。小田原城是日本100名城之一，亦是小田原市最重要的觀光景點。"
73085,神奈川縣,交通,0,神奈川縣境內陸上交通網發達，但並沒有民用機場。距神奈川縣最近的民用機場是和川崎市一河之隔的東京國際機場（羽田機場）。川崎市和羽田機場之間有橋樑連接。
73085,神奈川縣,鐵路,0,神奈川縣是日本最早開通鐵路的地區。在明治時期，神奈川縣內已開通了東海道線、御殿場線、橫須賀線、橫濱線、江之島電鐵線、京急本線等線路。進入大正時期，神奈川縣開通了鶴見線、相模線、東橫線、相鐵本線等線路。1925年時，橫須賀線和東海道線即實現了鐵路電氣化。昭和時代之後，以1927年小田原線的通車為開始，至戰後田園都市線的通車，神奈川縣內陸的鐵路網有明顯發展。然而鐵路網的擴充仍不足以滿足人口增加帶來的需求。東海道線在1960年代曾創出過300%的乘車率。對此各家鐵路企業通過複線化、擴充直通運轉、跨線運行（如湘南新宿線的開通）等方式緩解通勤擁擠的問題。 現在神奈川縣內的鐵路總長度超過650公里，車站數接近400個；每日鐵路乘客約有800萬人次，其中以橫濱站的乘客最多，其次是武藏小杉站、川崎站、藤澤站。JR東日本是神奈川縣內鐵路里程最長的業者，在神奈川縣內擁有8條鐵路路線。JR東海在神奈川縣內亦有東海道新幹線及御殿場線的部分路段。大手私鐵企業中，東急電鐵、京濱急行電鐵、相模鐵道、小田急電鐵、京王電鐵均有路線途徑神奈川縣縣內。横滨市营地铁是神奈川縣唯一的地鐵，有藍線和綠線兩條路線。除了上述企業的路
73085,神奈川縣,鐵路,1,海道新幹線及御殿場線的部分路段。大手私鐵企業中，東急電鐵、京濱急行電鐵、相模鐵道、小田急電鐵、京王電鐵均有路線途徑神奈川縣縣內。横滨市营地铁是神奈川縣唯一的地鐵，有藍線和綠線兩條路線。除了上述企業的路線之外，神奈川縣內亦有橫濱高速鐵道的港未來線（實質和東橫線一體運行）；路面電車江之島電鐵線；湘南單軌電車江之島線；旅客捷運系統金澤海岸線；登山列車箱根登山鐵道；小田原地區的民營鐵路伊豆箱根鐵道大雄山線等鐵路路線。 近年神奈川縣鐵路仍在擴充，以神奈川東部方面線最為重要。這條路線包括相鐵·JR直通線、相鐵新橫濱線和東急新橫濱線三個部分，使相鐵列車得以通過JR東日本和東急電鐵直通運轉進入東京都心。在JR東海的中央新幹線計劃中，亦有在相模原市橋本車站設站的構想。
73085,神奈川縣,巴士,0,神奈川縣的主要巴士業者多是大手私鐵的子公司，其經營路線範圍亦多在母公司沿線，例如京濱急行巴士的巴士路線主要在橫濱至三浦半島地區；同為京急集團成員的川崎鶴見臨港巴士的營業地區川崎市東部和橫濱市鶴見區同樣是京急沿線；東急巴士的巴士路線亦主要集中在川崎市和橫濱市北部的東急沿線地區；相鐵巴士的路線多分佈在橫濱市內陸至海老名市。小田急集團成員神奈川中央交通則是神奈川縣覆蓋範圍最廣的巴士業者。江之電巴士是湘南地區的主要巴士業者之一。橫濱市交通局是神奈川縣最大的公營巴士業者，經營橫濱市營巴士。位於橫濱站東口的YCAT是神奈川縣一大高速巴士樞紐。
73085,神奈川縣,公路,0,"2018年時，神奈川縣的道路總長度有25,848公里，其中國家高速公路有81公里、一般國道有717公里、縣道有1,419公里，市町村道有23,631公里。在包括橫濱市、川崎市在內的神奈川縣東部大部分地區，道路面積佔行政區面積的12%以上。包括東名高速公路、橫濱橫須賀道路、小田原厚木道路、第三京濱道路等高速公路均途徑神奈川縣。連接川崎市和千葉縣木更津市的東京灣跨海公路是世界最大規模的海洋土木工程之一。現在神奈川縣有高速橫濱環狀南線、橫濱湘南道路、相模縱貫道路等高速公路修建計劃。"
73085,神奈川縣,水運,0,"橫濱港、川崎港、橫須賀港是神奈川縣的三大主要港口，由所在城市管理。橫濱港開港於1859年，是幕末日本開國後最初對外開放的港口之一。此後橫濱港規模不斷擴大，成為東日本最重要的港口之一。現在的橫濱港以本牧碼頭、大黑碼頭、南本牧碼頭三個碼頭為中心，其中南本牧碼頭是日本規模最大的碼頭，可停靠1萬TEU級以上的大型貨櫃船。橫濱港的貨櫃作業效率亦被評為世界第一。2021年，橫濱港的貨物吞吐量達1億480萬噸；主要出口貨物是汽車、汽車零部件；主要進口貨物是石油、液化天然氣。除了貨運之外，橫濱港亦積極發展客運。2002年大棧橋客船碼頭的竣工大幅提高了橫濱港的郵輪停靠能力。2019年，橫濱港的外國籍郵輪停靠次數達188次，在日本港口名列第三位。川崎港的歷史開始於20世紀初期。和貿易港的橫濱港不同的是，川崎港在開港之初作為工業港開始發展。2020年時，川崎港的貨物吞吐量有6,763萬噸。為適應貨櫃船的大型化趨勢，橫濱港和川崎港現在均在進行擴建。橫須賀港則有著濃厚的軍港色彩，是海上自衛隊及駐日美軍的一大據點。除了這三座市管理港口外，神奈川縣還在相模灣沿岸擁有葉山港、湘南港、大磯港、真鶴港四個縣管理港灣。"
73085,神奈川縣,友好交流政區,0,神奈川縣和以下外國政區有簽有友好交流協議：
38932,京都市,Introduction,0,"京都市（日語：京都市／きょうとし，羅馬化：Kyōto shi，日語發音： ）是位於日本京都府南部的城市，為京都府府治，也是政令指定都市之一。京都市的面積為827.83平方公里，下轄11個區，2020年時有人口1,467,856人，是日本人口第八多的都市。京都市還和京都府南部、滋贺县西部及大阪府的部份地區共同組成了“京都都市圈”，其人口數約有379萬。京都市也是「京阪神都會區」的一部份。 自794年桓武天皇遷都平安京到1868年明治天皇東京奠都為止，京都一直都是日本的首都。長年的歷史積澱使得京都市擁有相當豐富的歷史遺跡，也是日本傳統文化的重鎮之一。京都的一些傳統民俗祭典，諸如葵祭、祇園祭等已舉辦超過千年，成為京都獨有的風景。京都市的部份歷史建築在1994年以「古都京都的文化財」的名義被列为世界文化遺產。這些因素使得京都吸引了眾多觀光客，2008年造訪京都的日本國內外遊客數便已突破5000萬人。京都也是日本重要的工業城市，其中又以傳統產業和電子產業最為重要。京都是日本最重要的文化教育城市之一，市內共有37所大學，每百萬人平均擁有大學數量和學生佔人口比例皆在日本大都市中位居首位。"
38932,京都市,地理,0,京都市的市區大部份地區都位於京都盆地之內，這也造就了京都市除南方之外三面環山的環境。京都盆地被急傾斜的山地所包圍，是由斷層活動所形成的構造性內陸盆地，其地下的地層現在仍然活動。也因此京都市內有花折斷層等活斷層存在。盆地內的地勢則呈現北高南低，東高西低的特徵。京都盆地東部也因其地勢較高且較為乾燥適宜居住，成為京都市內最早開發的地區。京都市東南部的山科區和伏見區的醍醐地区則位於山科盆地，其和京都盆地之間由清水山、稻荷山等山峰隔開。京都市的北部地區則多為山地，其中較為知名的有大文字山、比叡山、嵐山等。京都市內的最高點是皆子山，海拔971米。 京都市內主要的河川有桂川及鴨川等。鴨川位於京都市的東部，河道兩岸廣植樱花等樹木。每逢夏季常有眾多市民和遊客在鴨川的河床灘上納涼，成為京都獨特的風景線。而桂川也流經嵐山等著名景區。兩條河流在南區及伏見區交界處合流，注入淀川水系。和日本其他河流一樣，京都市內的河流大多短小湍急，容易發生洪水。在平安京時期，京都就多次遇洪水侵襲。即使在現代，每逢颱風過境造成集中豪雨時，京都市內河川的水位也常會在短時間內大幅上升造成洪水。
38932,京都市,市內地名,0,京都在其開發早期是一座计划城市，市內道路類似棋盤，極為規整，且許多平安京時期的路名沿用至今。也正因如此，和日本其他都市常用町名（類似中文世界的「里」）來表示地址相比，京都多使用道路名稱來表示地址。而京都市內的路口也和日本其他地區大多採用附近地名不同，多合成兩條道路的名稱作為路口名，如「四條河原町」這一地名就是得來於因其位於四條通和河原町通兩條街道的路口。值得一提的是，京都也是日本難讀地名較多的市之一，著名的例子有天使突拔（てんしつきぬけ）、先斗町（ぽんとちょう）等。
38932,京都市,氣候,0,京都屬於柯本氣候分類法下的副熱帶濕潤氣候（在日本則被歸類為同時屬於瀨戶內海式氣候及內陸性氣候），其特徵為四季的氣溫及降雨量變化相當顯著。而京都位於盆地這一點又讓這一特徵體現得更為明顯。京都夏天炎熱且潮溼，相對地，冬天則較為寒冷且偶爾會下雪。京都的春季開始於三月中旬，這一時期櫻花盛開，和秋季並為也是京都觀光客最多的時期。從六月中旬左右開始至七月底，京都進入悶熱潮濕的梅雨季節。然後便進入炎熱且晴朗的夏天後半。如同大部份日本太平洋沿岸及中部地區，京都在九月及十月易遭到颱風侵襲。之後京都進入短暫的秋季。雖然相比日本海沿岸地區，京都市的降雪相對較少。然而地處內陸的京都市仍然是近畿地方冬季較為寒冷的地區。
38932,京都市,平安京,0,京都盆地自旧石器時代開始就已經有人類活動。在繩文時代，位於現今京都市東北部的北白川地區和山科盆地的丘陵地區已經有集落出現。到了彌生時代，平原地區也開始有集落出現。進入5世紀後，渡來人貴族秦氏開始在京都居住，其在京都盆地興修水利，此為京都地區大規模開發之始。 奈良時代末期，桓武天皇為了擺脫奈良佛教寺院勢力的影響，於784年將首都從平城京（今奈良市）遷移到長岡京（今長岡京市）。然而僅過了不到10年，桓武天皇在和氣清麻呂的建議下，於794年將首都又遷到位於山城國的平安京（也就是現在的京都市），自此開啟平安时代，也開始京都作為日本首都的歷史。平安京的選址參考風水思想，並且效仿中國的长安和洛陽，是一座傳統的市坊制都市。平安京南北長約5.2公里，東西長約4.5公里。天皇居住的大內裏位於平安京的正北，以朱雀大路為中心，城市分為右京（又稱「長安」）和左京（又稱「洛陽」）兩個對稱的部份。平安京堪稱是一座規模宏大且規劃嚴謹的東亞傳統型的計劃城市。 然而平安京實際的開發情況和計劃相比可謂是大相徑庭。平安京的市區範圍雖然十分廣大，其人口卻只有大約15萬人，因此城內並未得到充分開發，並且有大片農田。甚至大內裏也
38932,京都市,平安京,1,宏大且規劃嚴謹的東亞傳統型的計劃城市。 然而平安京實際的開發情況和計劃相比可謂是大相徑庭。平安京的市區範圍雖然十分廣大，其人口卻只有大約15萬人，因此城內並未得到充分開發，並且有大片農田。甚至大內裏也在經過多次火災之後不再重建。特別是右京地區因為地形地濕，開發進度十分緩慢。左京因此成為京都主要發展的地區，「洛陽」也成為京都的代稱。在平安時代中期以後，貴族的住宅大多集中在左京北部，並且開始跨過鴨川向平安京以外的範圍延伸。在11世紀後期，上皇（退位的天皇）在白河、鳥羽等地修建離宮並掌控朝政，該時期遂稱院政時期。而離宮的修建也使得京都市區向平安京以外地區發展的趨勢更加明顯。
38932,京都市,傳統文化的發達,0,平安時代的基本政治制度—律令制在進入10世紀後變得有名無實，這也使得貴族階級在平安時代後期開始沒落。相反，武士階級在這一時期逐漸興起。12世紀中期，日本歷史上首個武家政權平氏政權誕生。然而平氏政權僅維持二十多年就被另一大武士集團—源氏所取代。1192年，源賴朝在鎌倉創建幕府，日本進入鎌倉時代。在鎌倉幕府時期，日本實質上的政治中心雖然移至鎌倉，京都仍然是最大都市和天皇的居住地。 1338年，隨著室町幕府的成立，日本進入室町时代，京都也再次成為日本政治的中心。在這一時期，京都的都市空間發生巨大的變化。市區按南北分為上京和下京兩個部份，東西方向的二條大路取代朱雀大路成為京都最重要的街道。上京集中包括天皇的居住處里內裏等眾多貴族的宅邸，而下京則是京都主要的工商業區域。室町時代也是北山文化和東山文化兩大傳統文化的勃興時期，京都的寺院數在這一時期大幅增加，其中最為著名的就是金閣寺和銀閣寺。 在1467年至1477年之間，京都是应仁之乱的主戰場，市區幾乎完全被毀。之後京都在市民的努力下開始逐漸復興。貴族勢力的上京和市民勢力的下京區隔更加明顯，兩者均由土壘包圍且中間只有室町小路一條道路連接。隨著產業的
38932,京都市,傳統文化的發達,1,年至1477年之間，京都是应仁之乱的主戰場，市區幾乎完全被毀。之後京都在市民的努力下開始逐漸復興。貴族勢力的上京和市民勢力的下京區隔更加明顯，兩者均由土壘包圍且中間只有室町小路一條道路連接。隨著產業的發達，由工商業者組成的町眾階級日益興起，他們在都市運營方面發揮重要的作用，也使得此時的京都可說是自由度較高的自治城市。京都因其政治中心的地位，在這一時期也是多個重要歷史事件的舞台。1568年，織田信長的軍隊進入京都。在五年後信長又燒毀反抗勢力強大的上京，其勢力之強盛到達頂點。然而在1582年，在京都爆發本能寺之变，信長自殺。
38932,京都市,都市空間的變革,0,織田信長之後，實現統一日本大業的是丰臣秀吉。秀吉對京都進行大規模的改造，其主要內容包括修建聚樂第，將其作為秀吉統治京都的據點。並且在聚樂第附近修建武家屋敷供大名居住；修建內裏，並強制貴族居住在其附近；將京都市內的寺廟集中搬遷至鴨川西岸的寺町，並且將在日本全國都有強大勢力的本願寺自大阪遷至京都，加強對佛教勢力的控制；實施天正地割，在京都市中心修建南北向的道路，使得京都市內的街區由正方形變為長方形，改變平安京以來京都的都市格局；建設御土居，以此作為洛中和洛外的分界線。秀吉的大規模改造使得京都由兩個分裂的部份重新統合為一個整體的城市，城市空間的格局也從中世都市轉變為近世城下町。 進入17世紀後，德川家康取代豐臣家，成為日本的統治者。德川家康將幕府設在江戶（今東京），但京都仍然是日本的國都所在地。德川家康雖然新建二條城並以其作為京都新的都市核心，然而京都整體的都市空間仍然維持豐臣秀吉時期的格局。1788年，京都市內發生天明大火，是為京都史上最大的一次火災，市區幾乎完全被毀。然而之後京都很快實現復興。位於眾多街道交匯點的京都是當時日本全國的商業物流中心之一，眾多豪商巨賈聚集於此。京都也是當時日本
38932,京都市,都市空間的變革,1,788年，京都市內發生天明大火，是為京都史上最大的一次火災，市區幾乎完全被毀。然而之後京都很快實現復興。位於眾多街道交匯點的京都是當時日本全國的商業物流中心之一，眾多豪商巨賈聚集於此。京都也是當時日本最重要的宗教文化都市，京都的文化人在神道、佛教、儒學、蘭學等學術領域建樹頗豐。江戶時代的京都與大坂（今大阪）、江戶並稱為「三都」，是代表日本的大都市。
38932,京都市,近現代的京都,0,幕末時期，京都再次成為歷史舞台的焦點。1864年，幕府軍隊和倒幕勢力在京都市內發生激烈戰鬥，是為禁門之變，京都市內大片街區被焚毀。這也使得京都市中心現存的建築多為幕末之後修建的建築物。1867年，京都郊外發生鸟羽伏见之战，倒幕軍取得勝利，是決定戊辰戰爭局勢的關鍵戰役。1868年，日本首都從京都遷移至東京，除了皇室及公家之外大量商人也都從京都遷居至東京，京都面臨巨大的危機。京都市政財界採取大量措施試圖挽回危機局面，其主要內容包括實施學區制；創建京都帝國大學（今京都大學），使京都成為西日本高等教育及學術研究的中心；興建琵琶湖疏水作為水運路線，並進行水力發電；鋪設日本最早的有軌電車京都市電；舉辦第4屆內國勸業博覽會並修建平安神宮。之後京都又在大正時期完成三大事業（第二琵琶湖疏水、鋪設上下水道、擴寬道路及鋪設有軌電車）。這些措施使得京都跨過危機，開始轉變為現代化都市。1921年，京都實施其首個都市計劃事業，開始進入現代城市規劃時代。 在第二次世界大战時期，京都市是日本城市中較少遭到美軍空襲轟炸的都市，因此京都市是日本少數仍然擁有豐富的戰前建築的城市之一。為了降低空襲造成的損害，堀川通、御池通、
38932,京都市,近現代的京都,1,計劃事業，開始進入現代城市規劃時代。 在第二次世界大战時期，京都市是日本城市中較少遭到美軍空襲轟炸的都市，因此京都市是日本少數仍然擁有豐富的戰前建築的城市之一。為了降低空襲造成的損害，堀川通、御池通、五條通沿線的建築被強制拆除，卻也提供之後拓寬道路的空間。然而卻也正因為舊市區保存較好，導致市中心很難修建新的道路和公園，使得京都市中心地區的道路面積率和公園面積率極低，並且都市更新也進展較慢。戰後京都的開發主要依照1950年制定的「京都國際文化觀光都市建設法」進行，在郊外地區修建新市鎮以解決住宅問題，並且將京都車站以北規劃為保存地區，以南則規劃為開發地區。1956年9月1日，京都市成為政令指定都市。1964年10月，東海道新幹線開始通車，極大的促進京都觀光產業的發展。1978年，京都市電被廢止，市營地下鐵取代市電成為京都市區重要的交通方式。這些事件都象徵著戰後京都都市空間的巨大變化。進入平成時代之後，在平安遷都1200年之際的1994年，京都的多處古蹟被列入世界文化遺產。京都已成為日本具代表性的觀光都市和文化都市。日本文化廳在2023年遷至京都市，成為第一個遷出東京的中央省廳。
38932,京都市,人口,0,"在9世紀時，平安京的人口估計約有10萬至15萬人。至10-11世紀時，平安京的人口增加至17萬至20萬人。在1571年，京都的人口則估計約有20萬至30萬人。而在江戶時代的大部份時期，據京都御役所向大概覚書等統計資料，京都的人口大致在35萬人左右，雖然低於江戶，但和大阪相當，是當時日本屈指可數的大都市。明治維新之後，隨著大量公家和商人遷至東京，京都的人口也從約35萬大幅減少至約22萬。1889年時，京都有人口279,792人，僅次於東京和大阪，是當時日本的第三大都市。1932年，京都市人口突破100萬人。然而在1970年代中期，京都市人口在超過140萬之後由快速增加轉入停滯狀態。2020年10月時，京都市人口約有145.8萬人 京都市人口的特徵之一是生育率較低，因此兒童人口佔總人口的比例較低。2017年，京都市的总和生育率為1.27，大幅低於日本全國的平均水準1.43。低出生率也使得京都市的高齡者人口比例較高。2019年，京都市65歲以上的高齡人口數量達到41萬840人，比例達到28.0%。京都市人口的另一特徵是18歲至24歲的人口佔人口比例較高。這一年齡的人口多為大學生，也體現出了京"
38932,京都市,人口,1,"的高齡者人口比例較高。2019年，京都市65歲以上的高齡人口數量達到41萬840人，比例達到28.0%。京都市人口的另一特徵是18歲至24歲的人口佔人口比例較高。這一年齡的人口多為大學生，也體現出了京都市是一座大學城市。另外在2018年，京都市人口中有47,091人是外國人。"
38932,京都市,行政區劃,0,1889年，京都市開始實施市制，成為日本最早的市之一，同時市區附近的一些農村地區也被編入京都市的範圍之內。當時京都市的範圍包括了現在上京區、中京區、下京區、東山區的全部以及左京區和北區的部份地區。之後京都市的行政區範圍又在1902年和1918年有所擴大。1931年，京都市附近的26個町村被劃入京都市內，行政區面積因此大幅擴大至之前的4.8倍，且京都重要的衛星都市—伏見在這次合併中被併入京都市，京都進入「大京都」時代。其後京都市的行政區面積又在1948年、1949年、1950年、1957年、1959年和2005年數次擴大。 由於京都市為政令指定都市，因此得以劃區，現在的京都市由以下11區構成。
38932,京都市,政治,0,和日本其他地區相比，日本共產黨等左派政黨在京都市有著較大的影響力。在日本众议院選舉仍然實行中選舉區制的時期，京都府第1區（全區均位於京都市內）是少數日本共產黨曾有多位候選人當選的選舉區，且日本共產黨的候選人曾經4次以首位得票率在京都府1區當選。即使在改革為小選舉區制後，日本共產黨仍然能在京都市內的選舉區內獲得比日本全國平均水準更高的得票率。現今北區、上京區、中京區、下京區與南區被劃為京都府第1區，左京區、東山區與山科區被劃為京都府第2區，伏見區與向日市、長岡京市和大山崎町被劃為京都府第3區，右京區和西京區與龜岡市、南丹市和京丹波町被劃為京都府第4區。京都1區長期為自由民主黨人士伊吹文明的地盤，而京都2區自2000年開始就由前原誠司當選。在2021年眾議院選舉時，京都府1至4區分別由自由民主黨、國民民主黨、立憲民主黨與無黨籍的候選人當選。 在地方自治層面，京都市為日本最早的由左派人士執政的「革新自治體」之一。1950年，在選舉中得到左派團體支持的高山義三當選京都市長，使得京都邁入革新自治體行列。然而之後高山義三轉為保守派，並與革新自治體的代表人物—京都府知事蜷川虎三對立。1967年，在選
38932,京都市,政治,1,革新自治體」之一。1950年，在選舉中得到左派團體支持的高山義三當選京都市長，使得京都邁入革新自治體行列。然而之後高山義三轉為保守派，並與革新自治體的代表人物—京都府知事蜷川虎三對立。1967年，在選舉中得到日本社會黨和日本共產黨支持的富井清當選京都市長，京都市再次成為革新自治體。之後的兩任京都市長舩橋求己、今川正彥也延續了前任市長重視社會福利的政策。這種情況直到1989年田邊朋之當選京都市長之後才開始改變。此後歷任京都市長雖然都是得到自由民主黨等保守團體支持的候選人，然而日本共產黨支持的候選人仍能得到相當高的得票率。 現任京都市長為松井孝治。他在2024年京都市長選舉首次當選，是京都市時隔24年再次誕生新市長。現今京都市會共有67位議員。市議會中最大黨派為自由民主黨，有22名議員。其他的主要政黨有日本共產黨、民主黨、公明黨與京都黨等黨派。 京都市的財政狀況極為嚴峻，長期以來劣於其他政令指定都市。2001年10月，京都市役所宣布進入「財政非常事態」。造成京都市財政狀況不佳的主要原因有固定資產稅收入較少、地鐵東西線長期以來的巨額赤字等。京都市役所曾試圖通過導入古都保存協力稅等方式解決財政
38932,京都市,政治,2,定都市。2001年10月，京都市役所宣布進入「財政非常事態」。造成京都市財政狀況不佳的主要原因有固定資產稅收入較少、地鐵東西線長期以來的巨額赤字等。京都市役所曾試圖通過導入古都保存協力稅等方式解決財政問題，但因寺院強烈反對而被迫撤回。在2010年財政年度至2015年財政年度，京都市曾連續六個財政年度實現財政盈餘。但此後京都市的財政狀況再次惡化。京都市役所在2021年表示，若目前的財政狀況持續下去，京都市有可能在2028年財政年度陷入財政破產。
38932,京都市,經濟,0,"2016年，京都市市內生產總值有64,847億日元，比上一年增加3.3%。市民所得有46,074億日元，人均市民所得有312萬日元。農林水產業只佔京都市生產總值的0.1%，製造業及建設業合計佔27.9%，其他部分則都是第三產業。"
38932,京都市,農業,0,京都市的农业主要集中於郊外的山區地區，是典型的都市近郊型農業。然而和日本其他地區相同，京都的耕地面積和農業人口在近年持續減少。京都市最具代表性的農產品為蔬菜。京都生產的蔬菜被稱為京野菜，其產值佔京都市農產品總產值的84.6%。京野菜的主要品種包括了萝卜、蕪菁、水菜、茄子、南瓜、葱等。以京野菜為原料製作的日式醃菜（漬物）是京都的重要特產。除了京野菜之外，大米、水果、鮮花也是京都的主要農產品。
38932,京都市,工業,0,"京都是日本重要的工業都市之一。2016年，京都市的工業品生產額有26,295億日元。食品飲料、機械儀器、傳統產業、出版印刷、電子產業是京都工業中的主要產業。和服相關產業在京都的傳統產業中佔有相當重要的地位。西陣是京都和服產業的一大中心地，著名的西陣織即因其主要產地位於西陣而得名。京都其他的著名傳統產業製品還包括了陶器（清水燒）和友禪染等。然而在近年，由於市場規模縮小和後繼者不足等問題，京都的傳統產業面臨嚴重的困境。在現代工業方面，總部設在京都的知名企業有島津製作所、堀場製作所、京瓷、欧姆龙、日本電產、村田製作所、羅姆電子、華歌爾、任天堂等，這些公司大多都是電子業企業。因京都市內可供建設工場的土地面積狹小且人力成本較高，許多總部設在京都的企業將生產據點設在日本國內其他地區或者海外，而將運營總部和研發中心設在京都。由於大學林立學生眾多，京都也是日本创业公司數量較多的都市。京都市西部的京都研究園區集中了大量創業公司。就企業數和生產額來看，南區、右京區和伏見區是京都市主要的工業區。"
38932,京都市,服務業,0,"服務業是佔京都市經濟比重最大的產業。在服務業之中，又以商業和旅遊業最為發達。為保存古都風景，京都市是日本國內對大型商業設施管制最為嚴格的城市。這也使得京都市內便利店和小型超市等小規模商業設施數量眾多。京都市也是日本商店街數量較多的大都市。2015年，京都市的全年商品銷售額有53,632億日元。京都市的百貨商店則多集中於四條河原町地區和京都站地區；主要的大型超市則多集中在近郊的鐵路沿線地區。 旅遊業是京都服務業的另一大支柱產業。京都市有著豐富的觀光資源，吸引了眾多來自世界各地的遊客。2018年，來訪京都的遊客人數達5,275萬人，並有1,582萬人在京都住宿。京都的遊客中有三分之二是女性，三分之一是男性；就年齡來看，以50歲以上的遊客較多，且有六成遊客到訪京都次數超過10次。有眾多日本初中和高中都選擇京都作為修學旅行目的地，特別是東日本的學校。在外國人遊客方面，2018年，共有約450萬外國遊客曾在京都住宿，其中以来自中國大陸的遊客最多，来自台灣的遊客则为其次。最多外國人觀光客到訪的景點依次是清水寺、二條城、伏見稻荷大社、金閣寺、祇園。旅遊業的發展給京都帶來了巨大的經濟效果，京都市有10"
38932,京都市,服務業,1,"遊客曾在京都住宿，其中以来自中國大陸的遊客最多，来自台灣的遊客则为其次。最多外國人觀光客到訪的景點依次是清水寺、二條城、伏見稻荷大社、金閣寺、祇園。旅遊業的發展給京都帶來了巨大的經濟效果，京都市有10%以上的就業人口都是從事旅遊相關產業的工作，並在2018年為京都帶來超過13,082億日元的消費。在其他服務業方面，京都的金融業頗具特色。和日本其他大城市相比，都市銀行在京都的影響力相對較小，地方銀行京都銀行雖然在京都府內是最大金融機構但在京都市內則居於次席。而信用金庫則在京都經濟中發揮著重要作用，京都中央信用金庫更是京都市內最大金融機構。和大型的都市銀行相比，信用金庫更易融資給中小企業，這也是京都孕育出眾多創業公司的重要原因。"
38932,京都市,都市景觀,0,京都市是代表日本文化的古都，為維護古都景觀，京都有著日本最為嚴格的景觀規制法律。1930年，京都市就將一些觀光景點附近的地區指定為風致地區，對風致地區內的建築進行限制。1964年，京都塔完工，其現代的造型和較高的高度引發了巨大的爭議，也使得保護古都景觀的呼聲高漲。1965年，受到景觀論爭的影響，日本制定了《古都歷史的風土保存相關特別措置法》。1973年，京都市將全市設為高度限制地區，規定市中心商務地區建築高度不得超過45米（2008年又調整為31米）。然而對古都景觀的破壞並未因此而停止，京都市中心大量的傳統民居京町家被高層大樓所取代，市中心的傳統風貌已經被完全改變。而京都賓館和京都站這兩座巨大建築的建設更掀起了一波新的景觀論爭高潮。2004年，隨著日本制定《景觀法》，京都市內的景觀規制進入新的階段。現在京都市全市均按照地區特徵被指定為不同類型的景觀規制地區。市中心大部份地區都被指定為美觀地區；大多數觀光景點的附近則被指定為風致地區或歷史風土特別保存地區；而在東寺、清水寺境內等有知名眺望點的地區，則制定了關於眺望景觀的限制計劃，對附近建築物的高度進行限制。在美觀地區新建建築時，建築物的外
38932,京都市,都市景觀,1,區；大多數觀光景點的附近則被指定為風致地區或歷史風土特別保存地區；而在東寺、清水寺境內等有知名眺望點的地區，則制定了關於眺望景觀的限制計劃，對附近建築物的高度進行限制。在美觀地區新建建築時，建築物的外觀均需要經過審查後才能修建。京都市對戶外廣告也有嚴格的規定，市區內禁止懸掛閃爍式霓虹燈廣告，並且對廣告牌的大小和顏色進行限制。因此京都市內部分店鋪的廣告牌採用與日本其他地區不同的顏色，例如京都市內部分麦当劳的看板顏色並非紅色而是棕色。
38932,京都市,建築,0,京都市內集合了多種不同的風格的建築。古建築中最具代表性的是被選為世界文化遺產的14處建築，其中除二條城之外均為寺廟或神社，顯示出宗教建築在京都建築藝術中有著極為重要的地位。由於歷史上戰亂和大火頻仍，京都市內現存的大多數古建築都修建於應仁之亂之後。室町时代京都建築的代表是金閣寺和銀閣寺，這兩座建築也分別代表了北山文化和東山文化兩種不同的文化藝術流派。室町時代也是京都庭園藝術最為發達的一個時期，禅宗思想融入庭園藝術當中，枯山水即為這一潮流的體現。室町時代庭園藝術的代表作有天龍寺、龍安寺、西芳寺、等持院等寺院的庭園。在安土桃山时代和江戶时代，隨著技術的進步，重現平安時代建築修建當時的外觀變為可能，京都寺院建築的樣式也趨於復古。例如教王護國寺（東寺）和清水寺都是始建於平安时代，在江戶時代重建的寺院建築。江戶時代京都的庭園建築的代表則是採用數寄屋造風格建設的桂離宮。城郭建築在這一時代的建築史上有著重要的地位。京都城郭建築的代表則為建設於江戶時代的二條城。 進入近代之後，京都建築的代表則是京町家。京町家出現在江戶時代後期，是京都最具代表性的日本傳統民宅，高度以兩層居多，正面寬度狹窄但長度較長。然而
38932,京都市,建築,1,"要的地位。京都城郭建築的代表則為建設於江戶時代的二條城。 進入近代之後，京都建築的代表則是京町家。京町家出現在江戶時代後期，是京都最具代表性的日本傳統民宅，高度以兩層居多，正面寬度狹窄但長度較長。然而在戰後，京町家的數量已經大幅減少。現在京都市內的京町家數量有約24,000戶。和日本眾多都市一樣，京都也在明治至昭和前期的這段時間內修建了大量西洋風建築。京都代表性的洋館建築有舊日本银行京都支店（現為京都文化博物館別館）、中京郵便局、京都府立圖書館、京都國立博物館等。京都站則是京都現代主義建築的代表作。京都站巨大的體積和現代的造型引發了巨大的爭議，然而毫無疑問的是其已成為京都的地標。"
38932,京都市,語言,0,京言葉是通行於京都市的日語方言，也是關西方言的一支。京言葉在歷史上曾長期是日语的標準語，且現在仍對日語標準語有著很強的影響。京言葉的特徵是較多使用長音，語音節奏相對較為緩慢，且有著複雜的敬語系統。然而近年來，京言葉受到東京方言和大阪方言的較強影響，正逐漸被日語標準語同化。
38932,京都市,文學,0,京都是日本文学的發源地，日本歷史上首部長篇小說《源氏物語》的故事舞台就在京都。除此之外，京都也是《枕草子》、《方丈記》、《更級日記》、《今昔物語集》、《平家物语》等眾多日本古典文學作品的舞台。京都也是許多現代日本作家的憧憬之地。以京都為舞台的知名現代日本文學作品有《羅生門》、《檸檬》、《金閣寺》、《古都》等。現代日本最著名的作家之一村上春樹也出生在京都，他的代表作之一《挪威的森林》的故事舞台就設定在京都。
38932,京都市,傳統藝術,0,京都是日本傳統藝術的中心城市。在平安時代，隨著國風文化的發達，日本開始有了獨自的繪畫藝術，而京都成為日本畫的一大創作中心。京都本身也是眾多日本畫的素材，最著名的例子就是洛中洛外图。在近代，京都又是日本最早的美術學校京都府畫學校的創辦地。京都也是尾形光琳、竹內栖鳳、堂本印象等日本畫家的出身地。在表演藝術方面，日本傳統表演藝術的代表—歌舞伎就是發祥於京都。南座是京都最早的歌舞伎劇場，現在仍是日本最重要的歌舞伎表演場地之一。除了歌舞伎之外，京都也有能、文樂等日本傳統藝術的劇場。在平安時代，遣唐使將茶道自中國帶到日本，京都遂成為日本茶道的中心。茶道三大流派表千家、裏千家與武者小路千家之宗家皆位於京都上京區。京都也是華道的發祥地，以池坊派為代表的眾多華道流派的本家都位於京都。
38932,京都市,節慶,0,京都最重要的節慶活動是有「京都三大祭」之稱的葵祭、祇園祭、時代祭和五山送火，這四大活動合稱為「京都四大行事」。葵祭舉辦於每年5月15日，是京都三大祭中歷史最久的祭典，起源自6世紀中期上賀茂神社和下鴨神社的例祭。葵祭遊行者使用的服裝均忠實再現平安時代的原貌，是充滿貴族氣息的行事。祇園祭是八坂神社的祭禮，起源於9世紀時期，於每年7月1日開始舉辦，因其舉辦時間長達一個月且參與人數眾多，被列入日本三大祭之一。祇園祭的最高潮是在7月16日的前祭宵山活動和7月17日的前祭山鉾巡行。共有33架山鉾參加7月17日的山鉾巡行，規模極為龐大。五山送火在每年的8月16日舉辦，是盂蘭盆節的壓軸活動。在這一天的20點開始，京都市郊外5處山上的大文字等圖案陸續點火，象徵死者的靈魂回到冥府。在江戶時代後期還曾有其他點火圖案，然現已不存。時代祭於每年10月15日至23日舉辦，系紀念平安遷都1100年於1895年開始的祭典活動。祭典的中心內容是10月22日的遊行，其內容是再現自平安時代至明治時代的知名歷史人物及場景。和祇園祭相同，時代祭也是有眾多普通京都市民參加的活動。
38932,京都市,飲食,0,京料理是京都的傳統飲食。由於京都地處內陸，因此和日本其他地方料理不同，京料理較少使用海鮮，且更加強調烹飪技法。加上京都佛寺眾多，精進料理和懷石料理（懐石料理）又尤其發達。豆腐是京料理最為常用的食材，京都市內也有眾多生產豆腐的工廠。此外，京都的和菓子也十分著名。京菓子注重季節感，每個月份均有其代表性的京菓子。八橋是最為著名的京菓子。京都盆地有著豐富的地下水資源，優質的地下水使京都成為重要的日本酒產地。
38932,京都市,博物館,0,京都是一座博物馆之城，市內有超過200家博物館，數量之多在日本名列前茅，亦是政令指定都市中人均博物館數量最多的都市。京都市內有多種類型的博物館，其中又以京都國立博物館和京都市美術館最為知名。京都國立博物館是日本四大國立博物館之一，建設當時因其西洋式的外型曾引發爭論，現在已成為京都知名的洋館建築。博物館收藏有27件日本國寶。京都市美術館是日本第二大公立美術館，展品多為明治時代之後的藝術作品。2011年其參觀者數超過100萬人，是京都參觀者數最多的博物館之一。除了這兩家博物館之外，京都的主要博物館還有京都市考古資料館、京都市歷史資料館、京都文化博物館、京都國際漫畫博物館、京都國立近代美術館等。多種類型的博物館也是京都重要的觀光資源。
38932,京都市,媒體,0,京都新聞是京都市唯一的一份地方報紙，創刊於1879年，1942年改為現名，其發行範圍包括了京都府和滋賀縣。2011年，京都新聞的日報和晚報發行量合計超過78萬份，在京都市內佔據半數的市場份額。京都新聞的特徵是較多關於宗教、文化、藝術方面以及大學相關的新聞。除了京都新聞之外，日本五大全國性報紙（讀賣、朝日、每日、日經、產經）也都有在京都市發行。京都市內也有多家出版社，其中又以出版學術類圖書的出版社居多。以京都市為總部的电视台有兩家，分別是京都放送（KBS京都）和NHK京都放送局。在電視的播出區域上，京都市屬於近畿廣域圈，除了上述的兩家電視台之外，還可以收看到每日放送（MBS）、朝日放送（ABC）、關西電視台（KTV）、讀賣電視台（YTV）、大阪電視台（TVO，市內僅部分地區可以收看）的電視節目。 京都是日本电影文化的發祥地。1897年，日本首次电影上映會就是在京都舉行。1901年，京都首個電影院開業。長期以來，京都都是日本時代劇電影的中心。1921年，牧野省三在等持院附近興建了電影攝影棚，之後京都迅速發展為日本一大電影製作中心。右京區的太秦地區電影攝影棚林立，有「日本好莱坞」之稱。在19
38932,京都市,媒體,1,影院開業。長期以來，京都都是日本時代劇電影的中心。1921年，牧野省三在等持院附近興建了電影攝影棚，之後京都迅速發展為日本一大電影製作中心。右京區的太秦地區電影攝影棚林立，有「日本好莱坞」之稱。在1951年獲得威尼斯影展金獅獎的《羅生門》就是在京都拍攝。然而在1960年代之後，隨之电视的興起，京都的電影產業轉入蕭條，攝影棚相繼關閉。1975年，東映在京都的部分攝影棚改建為東映太秦映畫村並開業，現在已成為京都重要的觀光景點。
38932,京都市,體育,0,和日本大多數地區一樣，棒球和足球是京都最受歡迎的体育運動。京都市內雖然沒有男子職業棒球的球隊，但是有女子職業棒球的球隊京都花之女神隊（ウエスト・フローラ）。 另外，日本職棒球隊橫濱DeNA海灣之星隊的前身之一松竹羅賓斯（松竹ロビンス）隊的主場曾經設在京都。 京都不死鳥（京都サンガ）是京都唯一的一支男子職業足球隊，2023年現在參加J1聯賽的賽事。 京都還有一家職業女子足球隊京都白兔（バニーズ京都SC）。 京都競馬場位於京都南部的伏見區，是春季的天皇賞和菊花賞等重大賽事的舉辦地。
38932,京都市,教育,0,京都是西日本的「學都」，在京阪神地區更有「在京都上學、在大阪賺錢、在神戶生活」這樣的說法，可見京都教育的發達程度。1869年，京都市內創建了69所小學，此為日本現代小學教育制度之開始。2018年時，京都市內共有115所幼儿园、31所认定幼儿园（認定こども園）、174所小学、93所初中和53所高中。 京都市內共有38所大學。2009年，在京都就讀的大學生多達13萬9237人，在日本所有都市中位列第二位，學生佔總人口的比例則高居政令指定都市首位。1886年帝國大學令頒發之後，日本第二個帝國大學—京都帝國大學即設在京都。同時民間相繼創辦了眾多私立大學。京都的大學中，歷史最悠久且學術地位最高的是京都大学。京都大學創立於1897年，素以自主獨立的傳統和自由的校風聞名。在28位日本人诺贝尔奖得主中，有11人都畢業於京都大學或在京都大學任教。而在私立大學中，以同志社大學和立命馆大学規模最大。同志社大學由新島襄在1875年創建，其前身是同志社英學校，是日本最早的一批私立高等教育機構並在1920年依大學令昇格為大學。立命館大學則是由曾參與創建京都帝國大學的中川小十郎於1900年設立，其前身是京都法政學校
38932,京都市,教育,1,"新島襄在1875年創建，其前身是同志社英學校，是日本最早的一批私立高等教育機構並在1920年依大學令昇格為大學。立命館大學則是由曾參與創建京都帝國大學的中川小十郎於1900年設立，其前身是京都法政學校，在1913年改為現名並在1922年按大學令昇格為大學。除了這三所大學之外，京都市的主要大學還有京都產業大學、龍谷大學、佛教大學、京都女子大學、大谷大學、花園大學、京都精華大學、京都外国语大学、京都教育大學、京都府立大學、京都府立醫科大學等。 1994年，京都市成立了京都大學中心（現改名為京都大學聯盟），其目的是促進各大學之間的合作，加盟大學的學生可聽講其他加盟學校的科目並取得學分。眾多的大學使得京都的科研事業也頗為發達，京都大學的桂校區已成為京都市的一大科研中心。也有眾多學會的總部設在京都，如日本人文地理學會等。京都的大學也頗為重視國際學術交流。2018年，有9,233名留學生在京都市內的大學學習。京都美國大學聯盟（Kyoto Consortium for Japanese Studies、京都アメリカ大学コンソーシアム）於1989年在京都市內設立，加盟校包括了14所美國大學，每年均派遣"
38932,京都市,教育,2,學學習。京都美國大學聯盟（Kyoto Consortium for Japanese Studies、京都アメリカ大学コンソーシアム）於1989年在京都市內設立，加盟校包括了14所美國大學，每年均派遣約40至50名主攻日本研究的學生來到京都留學學習日本文化，而部分日本學生也可以聽講京都美國大學聯盟的科目。斯坦福大学也在京都擁有一個日本中心。
38932,京都市,交通,0,京都是古代日本古代交通網中的中心都市。三條大橋是東海道和中山道兩大街道的終點，京都郊外的伏見也曾是近畿地區重要的內河港口。 現在京都主要的聯外交通方式是新幹線和公路。東海道新幹線所有級別的列車均在京都站停車。
38932,京都市,空路,0,京都市內並無機場，距離京都最近的機場是大阪國際機場和关西国际机场。由於觀光客眾多，京都也是日本出租车密度較高的都市，數量超過6000輛，京都也因此存在計程車過剩的問題。
38932,京都市,鐵路,0,京都市內鐵路交通發達，除了主要服務長途旅客的新幹線之外，也有多條服務中短途乘客的鐵路路線。 JR西日本在京都市內共有四條線路，分別是東海道本線（又可分為琵琶湖線和JR京都線）、嵯峨野線、湖西線和奈良線。東海道本線的琵琶湖線是連接京都和滋賀縣的重要鐵路路線，JR京都線則有眾多開往大阪市和神戶市的列車。嵯峨野線是山陰本線的一部分，主要服務居住在京都市近郊，前往京都市通勤的市民。 在關西的五大私鐵公司中，近畿日本鐵道（近鐵）、京阪電氣鐵道（京阪）和阪急電鐵（阪急）在京都市內擁有鐵路路線。近鐵京都線和JR西日本的奈良線並為京都前往奈良市的重要交通方式。京阪在京都市內擁有四條路線。京阪本線是連接京都和大阪的重要鐵路路線，其起點是三條站。鴨東線和京阪本線相通，常和京阪本線一體運行。宇治線是連接京都及其衛星都市宇治市的重要路線。京津線則連接京都市和滋賀縣大津市，部分列車直通運行進入地鐵東西線。阪急則在京都市內有兩條路線。京都本線和JR京都線、京阪本線並為連接京都和大阪的三大鐵路路線。嵐山線則是前往知名觀光地嵐山的重要交通方式。京都市內還有京福電氣鐵道（又稱嵐電，擁有嵐山本線和北野線兩條線路）、叡山電
38932,京都市,鐵路,1,都市內有兩條路線。京都本線和JR京都線、京阪本線並為連接京都和大阪的三大鐵路路線。嵐山線則是前往知名觀光地嵐山的重要交通方式。京都市內還有京福電氣鐵道（又稱嵐電，擁有嵐山本線和北野線兩條線路）、叡山電鐵（擁有叡山本線和鞍马线兩條路線）、嵯峨野觀光鐵道（擁有嵯峨野觀光線一條路線）三家規模較小的鐵路公司。這三家公司的鐵路路線均通往知名旅遊景區，主要服務對象為觀光客。 京都市內還有地下鐵系統，由京都市交通局營運，旗下有烏丸線、東西線等2條路線。
38932,京都市,巴士,0,京都市內最早的巴士出現在1928年，現在巴士已經發展為京都市內另一重要的公共交通方式。京都市內大部分巴士均由京都市交通局運營，是為京都市營巴士。京都市營巴士可分為「均一系統路線」和「多區間系統路線」兩種類型。均一系統路線只在均一區間內行駛，不論乘坐距離長短票價一律為230日圓。多區間系統路線則在行駛出均一區間後票價會按長度加收費用。京都市營巴士現在共有74條路線。其中急行100、急行101、急行102稱作「洛巴士」（洛バス），車體採用特別塗裝，途徑京都主要觀光地且停站較少，主要服務觀光客。京都市營巴士中還有10條路線是環線運行。此外京都市營巴士還有僅於週末及假日白天運行的100日圓環行巴士和只在夜間運行的夜巴士（よるバス）等特殊類型的巴士。除了京都市營巴士之外，京都還有京都巴士、京阪巴士、西日本JR巴士、阪急巴士、八坂巴士、近鐵巴士等公司運營的巴士。
38932,京都市,道路,0,途徑京都的主要公路則有名神高速道路、京阪道路（國道1號線的一部分）、第二京阪道路、京都縱貫自動車道、國道8號線、國道9號線、國道24號線、國道171號線等。 雖然京都聯外交通十分發達，然而市內交通卻因街道狹窄導致堵塞頻發，來訪京都的日本遊客對於京都最為不滿之處亦為其交通狀況。
38932,京都市,國際交往,0,京都市是日本舉辦國際會議和學會次數較多的都市。1997年的聯合國氣候變化綱要公約締約方會議（COP3）就是在京都舉辦，並通過了著名的京都議定書。2016年，京都市共舉辦了269件國際會議；按照ICCA的統計，京都是日本所有都市中舉辦國際會議次數第二多的都市。法国在京都設有總領事館。此外冰岛、尼加拉瓜在京都設有名誉總領事館，巴拉圭、秘鲁、比利时、葡萄牙、墨西哥、危地马拉、老挝、卢森堡則在京都設有名譽領事館。京都市內也有眾多國際學術交流設施，如關西法國研究院、歌德學院等。
38932,京都市,姊妹都市和夥伴都市,0,京都市和以下都市是姊妹都市： 京都市和以下都市是夥伴都市： 此外，京都市在1958年6月15日還和法國巴黎締結為友情盟約都市。
51925,大阪市,Introduction,0,大阪市（日語：大阪市／おおさかし，羅馬化：Ōsaka shi）是位於日本大阪府中部的都市，為大阪府府治、以及大阪府兩個政令指定都市之一，亦是大阪都市圈、京阪神大都市圈、乃至於近畿地方的中心城市。全市面積223平方公里，夜間人口（常住人口）約有269.5萬人，是日本人口第三多的城市；日間人口則超過353萬人，位居日本第二。 大阪自奈良時代起，就因其臨海的地理位置成為貿易港口，並曾在此建立「難波京」。安土桃山時代，豐臣秀吉修建大阪城，並以大阪做為豐臣政權的政治中樞。在江戶時代，大阪和京都、江戶（今東京）並稱為「三都」，是當時日本經濟活動最旺盛的都市，被譽為「天下的廚房」。明治時代之後，大阪仍是日本最重要的產業都市，人口數曾一度超過東京，在當時有「大大阪」之譽稱。戰後後由於東京一極集中的進展，大阪在人口數和經濟發展上被東京拉開距離，但仍然是西日本的最大都市及經濟中心。除了經濟之外，大阪也以其獨特的庶民文化而著稱。今日的大阪和東京並列為日本最具代表性的大都市，也是在世界具有知名度的商業都市。2024年，美國諮詢公司科爾尼的全球城市排名，大阪位居世界第25名；同一年，日本森紀念財團發佈的《全球城
51925,大阪市,Introduction,1,的庶民文化而著稱。今日的大阪和東京並列為日本最具代表性的大都市，也是在世界具有知名度的商業都市。2024年，美國諮詢公司科爾尼的全球城市排名，大阪位居世界第25名；同一年，日本森紀念財團發佈的《全球城市實力指數》（CPCI）中，大阪位居世界第35名。
51925,大阪市,地理,0,大阪市位於大阪府中部的大阪灣沿岸地區，面積223平方公里，在政令指定都市中排名第17位，僅大於埼玉市、堺市和川崎市。市區大部分位於大阪平原上。大阪平原是一座沖積平原，地勢平坦。大阪市東部的上町台地則是市內地勢較高的地區，北起大阪城一帶，南至住吉大社附近，寬度約2至3公里，長度超過10公里，是一座沖積台地。台地北端是上町台地最高的地區，東側地勢較為平緩，西側則高地變化較為明顯，坡道較多，這也是「大阪」（大坂）這一地名的由來。 在約8000至7000年前時，由於繩文海進導致水位高漲，現在的大阪平原曾位於海面之下，被稱為「河內灣」。在大阪平原還是河內灣的時期，上町台地曾是深入海中的一個半島，也正因其地勢較為安定，上町台地是大阪市內最早有人生息的地方。隨著上町台地北側的沙嘴逐漸向北延伸，至繩文時代中期，河內灣已演變為潟湖，被稱為「河內湖」。進入古墳時代後，由於河川運來的土砂不斷堆積，加上人工開發湖泊為耕地，河內湖已近乎消失，變為大阪平原。 為了擴大陸地面積，大阪曾多次進行填海。大阪的大規模填海開始於17世紀的新田開發。現在大阪市區面積的四分之一都來自於填海。大阪市沿海的夢洲、舞洲、咲洲等島嶼也
51925,大阪市,地理,1,泊為耕地，河內湖已近乎消失，變為大阪平原。 為了擴大陸地面積，大阪曾多次進行填海。大阪的大規模填海開始於17世紀的新田開發。現在大阪市區面積的四分之一都來自於填海。大阪市沿海的夢洲、舞洲、咲洲等島嶼也是由填海造陸而成的人工島。 大阪市河流眾多，有「水都」之稱。這也使得大阪市橋樑眾多，江戶時代的大阪有「八百八橋」之稱。然而在近代，大阪的許多河道都已被填埋，用來修建公路或建築。低窪的地形導致大阪在歷史上水害頻發。江戶時代中期，幕府對原本匯入淀川的大和川進行人工改道，使其改自大阪南部入海，使得水患大幅減少。大阪市的水系當中，以發源自琵琶湖，流經大阪市北部的淀川水量最多。憑藉水運之便，淀川沿線曾經聚集眾多市場，是支撐大阪經濟的大動脈。然而淀川也曾是一條洪水頻發的河流。1885年的淀川大洪水使得明治政府決心在淀川北側開挖新淀川，使得淀川排水暢通，洪水次數也大幅減少。現在大阪市中心的主要河流還有東橫堀川、道頓堀川、木津川、安治川等河流。
51925,大阪市,名稱緣由,0,大阪原名「大坂」，兩名的日語讀音相同；最早是指上町台地的北端，即大阪城一帶。日語的「坂」等同中文所稱的「坡」。當時這一帶被稱為浪速、難波、浪花或浪華，拼音皆寫作「naniwa」（なにわ），其中「浪速」的拼音又寫作「namihaya」（なみはや）。1496年，一向宗本願寺第八代法主蓮如在寫給門徒的書信中記載「攝州東成郡生玉之莊內大坂」詞句，是為「大坂」的漢字名稱首次出現在文獻中。當時蓮如在大阪城現址建立「大坂御坊」（即日後的石山本願寺），並隨著寺院勢力的擴張逐漸通行。有說法指「大坂」一詞的原意即「很大的坂」，但在蓮如以前的讀法並非「Ōsaka」（おほさか；歷史假名遣表記）而是「Wosaka」（をさか），而文獻上也有記載「小坂」（おさか Osaka）的用法，因而此說法缺乏根據。 現今的「大阪」名稱則出現於江戶時代，並在明治時代取代「大坂」而成為正式地名。之所以將「坂」改寫為「阪」，是因為「坂」字可拆解為「土反」，帶有不祥的含意。另一說法是，明治新政府認為「坂」字又可拆解作「士反」，也就是武士叛亂的意思，當時官員在文書上為了避諱而改用「阪」字。
51925,大阪市,氣候,0,大阪市屬於瀨戶內海式氣候，全年氣候溫暖。夏季大阪市非常炎熱，是日本最熱的地區之一。8月份大阪的平均氣溫高達29.0度，是日本所有都道府縣廳所在地中最熱的城市，甚至超過位於南國的那霸市。並且由於熱島效應的影響，夏季大阪市區在晚間氣溫也較少下降，近年大阪市的全年平均熱帶夜更多次超過40日。冬季大阪的氣候亦相對溫暖，但在強冷鋒來襲時氣溫會低於零度。冬天的大阪由於氣候乾燥而較少降雪，即使降雪也很少積雪。
51925,大阪市,古代,0,大阪歷史悠久，在森之宮附近發現的遺跡證明大阪自繩文時代中期就開始有人居住。古墳時代時，大阪地區因河內湖的湖水淡化變得適合耕作。加上臨海的地理環境使得大阪成為貿易港口。在5世紀時，仁德天皇在大阪修建難波高津宮。593年時，聖德太子在大阪修建四天王寺，這是日本最早的佛教寺院之一。7世紀中期，在大化改新之後，當時的政府在大阪修建難波長柄豐埼宮（難波宮），定大阪為難波京，使得大阪一度成為日本的首都。雖然天皇實際在難波京居住的時間很短，然而難波宮一直得到保留。直到794年，桓武天皇遷都平安京，難波京亦完全失去政治中心的地位。但大阪仍擁有四天王寺和住吉大社等宗教建築和港口，是當時近畿地區較為重要的都市。1496年，本願寺蓮如在大阪修建石山本願寺。石山本願寺附帶有龐大的寺內町，聚集有眾多人口，大阪得到進一步發展。 在戰國時代，大阪是兵家必爭之地。1570年開始，織田信長和石山本願寺之間爆發長達10年的石山合戰，最後兩者講和，本願寺顯如退出本願寺。不過顯如在退出本願寺之前燒毀本願寺的建築。進入豐臣政權時期之後，豐臣秀吉於1583年在舊石山本願寺的土地上修建大坂城，以大阪作為其統治的中心城市。然而在16
51925,大阪市,古代,1,山合戰，最後兩者講和，本願寺顯如退出本願寺。不過顯如在退出本願寺之前燒毀本願寺的建築。進入豐臣政權時期之後，豐臣秀吉於1583年在舊石山本願寺的土地上修建大坂城，以大阪作為其統治的中心城市。然而在1615年大坂夏之陣之後，大坂城被德川家康攻陷，豐臣氏隨之滅亡，大阪也一度化為焦土。不過德川幕府將大阪定為天領，顯示出大阪的重要地位並未因政權交替而下降。江戶時代的大阪扮演物資生產地—西日本各地區及京都和物資消費地—江戶之間的中轉集散地的角色，是當時日本最大的商業都市。當時大阪有三大商品交易市場，分別是堂島米市場、天滿蔬果市場和雑喉場魚市場。其中堂島米市場是日本首個期貨市場，當時堂島米市場的米價是日本米價的基準價格。在大阪灣沿岸一帶，水深較淺的海域被農民填海，是為新田開發，顯示大阪的農業亦頗為發達。江戶時代的大阪實際上由商人組織大坂三鄉統治，可以當時的大阪有很強的市民自治的傳統。同時，富裕的商人對文化的資助亦使得大阪成為上方文化的中心，例如文樂就是起源自大阪。然而自江戶時代中期開始，由於西日本農村地區經濟的發展和江戶經濟逐漸實現自給，大阪經濟陷入低潮。江戶時代後期，大阪爆發大鹽平八郎之乱。雖然
51925,大阪市,古代,2,文化的資助亦使得大阪成為上方文化的中心，例如文樂就是起源自大阪。然而自江戶時代中期開始，由於西日本農村地區經濟的發展和江戶經濟逐漸實現自給，大阪經濟陷入低潮。江戶時代後期，大阪爆發大鹽平八郎之乱。雖然這場叛亂不到一天就被鎮壓，但大阪市區面積的5分之1在這場騷動中被燒毀。
51925,大阪市,近代,0,1868年，大阪正式開港，並在川口地區設舊川口居留地供外國人居住。外國人帶來西洋的最新文化，使得大阪開始進入近代時期。明治維新之後，大久保利通曾提案將日本的首都由京都遷至大阪，但被否決，新政府最終將首都遷至東京。不過這並沒有影響大阪的經濟中心地位。新政府將造幣局和砲兵工廠設在大阪，顯示出大阪仍然享有重要地位，其中大阪造幣局更是當時世界最大的造幣廠。 1889年4月1日，大阪正式設市，與東京、名古屋等地成為日本第一批建制市，當時大阪市的面積約15.27 km2、人口約46萬人。1903年，大阪市電開始通車。次年，民營業者開通公車路線。大阪的交通亦進入近代化時期。19世紀末期開始，隨著重工業和紡織工業的發展，大阪逐漸由一座商業城市變為工廠林立的工業城市。1903年，大阪舉行第五屆內國勸業博覽會；這次博覽會是日本首次使用彩燈照明的博覽會，一時引起轟動，也顯示出大阪的摩登的景象。但在工業發展的同時，大阪也開始面臨環境的問題。生活污水直接排入河道中引發污水問題；工廠煙囪排出的大量黑煙，使得大阪被稱為「煙都」。 進入1910年代後，在池上四郎和關一兩任市長任職時期，大阪市普及電氣和下水道、對大阪港
51925,大阪市,近代,1,，大阪也開始面臨環境的問題。生活污水直接排入河道中引發污水問題；工廠煙囪排出的大量黑煙，使得大阪被稱為「煙都」。 進入1910年代後，在池上四郎和關一兩任市長任職時期，大阪市普及電氣和下水道、對大阪港實施現代化改造、拓寬御堂筋為大阪的主幹道、重建大阪城天守閣、並在1933年開通地下鐵。大阪市還是日本最早實施都市美觀運動的城市。1925年，大阪市在和附近的數個町村合併之後，全市面積擴大至181 km2、人口增至約211萬人，無論面積還是人口都成為日本排名第一的都市。這一時期被成為大大阪時代，是大阪在戰前最繁榮的時期。然而進入1930年代後，起自西方國家的經濟大蕭條也波及到日本，大阪經濟陷入蕭條；加上進入對華戰爭及二戰的戰時體制後，日本政府將資源集中到東京，大阪的都市發展被東京超過。1945年，聚集眾多軍需工廠的大阪多次遭到美軍空襲，有超過1萬人在空襲中遇難，大阪化為一片火海，城市幾乎變為廢墟。
51925,大阪市,戰後至今,0,"雖然二戰使大阪受到嚴重打擊，然而戰後大阪迅速開始復興。1945年9月27日，美軍進駐大阪，開始大阪的盟軍佔領時期。佔領期間，大阪在1947年實現首次市長普選，象徵大阪實現真正的地方自治。舊金山和約簽訂之後，大阪結束被佔領時期。1956年，大阪市成為首批政令指定都市之一。戰後時期，以東京為首的京濱工業地帶憑藉機械工業、重化學工業等產業的發展而實現經濟快速成長。而輕工業比例相對較高的大阪灣沿岸工業地帶則發展相對滯後，加上工廠三法導致大阪的眾多工廠外遷至其他地區，使得大阪的經濟發展受到影響。1970年，大阪市郊的大阪府吹田市舉辦世界博覽會。為了舉辦世博會，大阪修建眾多新的道路和地下鐵路線。可以說世博會的舉辦對大阪基礎設施建設的提升功不可沒。 自1970年代中期之後，日本經濟逐漸轉換為以服務業為中心的構造。在經濟逐漸服務業化的同時，東京一極集中的趨勢也日益明顯。眾多大阪企業將其總部搬至東京，顯示出大阪經濟地位相對降低。1990年，大阪舉辦國際花與綠博覽會，入場者數超過2,300萬人。1990年代日本泡沫經濟崩潰後，關西地方是泡沫經濟的重災區，大阪亦陷入嚴重蕭條。加上人口老齡化和郊外化使得大阪面"
51925,大阪市,戰後至今,1,"大阪經濟地位相對降低。1990年，大阪舉辦國際花與綠博覽會，入場者數超過2,300萬人。1990年代日本泡沫經濟崩潰後，關西地方是泡沫經濟的重災區，大阪亦陷入嚴重蕭條。加上人口老齡化和郊外化使得大阪面臨市中心空洞化等社會問題，其典型例子為西成區的釜崎地區。但另一方面，大阪市在近年亦有多個都市更新計劃，如梅田地區大阪站北地區再開發計劃的GRAND FRONT OSAKA、以及阿倍野地區的阿倍野再開發事業的阿倍野Harukas，其中阿倍野Harukas在2014年啟用時為日本第一高樓，顯示在經過長期蕭條之後，大阪市經濟在一些領域已開始好轉。2018年，大阪市成功申辦世界博覽會，這是大阪市首度舉辦世界博覽會，也是大阪府繼1970年大阪世博之後再次舉辦世界博覽會，主場地預定設於大阪市此花區的人工島夢洲。"
51925,大阪市,人口,0,"在江戶時代，大阪和江戶、京都並列為「三都」，是日本人口最多的都市之一。據現在學者的研究，1650年時，大阪有人口約22萬人；1750年時，有人口約41萬人。1760年代時，大阪的人口數達到江戶時代時的頂峰，之後轉入減少。1850年時，大阪的人口有約33萬人。1889年大阪設市時，有人口476,271人。1920年時，隨著市域擴大，大阪市人口增加到2,114,804人，超過東京成為日本最大都市。1940年時，大阪市有人口325萬人，達到戰前最高值。第二次世界大戰期間，由於政府強制民眾疏散至農村地區，大阪人口大幅減少。戰爭結束時，大阪只有人口約110萬人。1955年時，大阪市市域再次擴大，加上戰後人口返回城市，大阪市人口回升到255萬人。1965年時，大阪市人口數達到3,156,222人，是大阪戰後人口最高值。此後由於郊外化的進展，大阪市人口轉入減少。2000年時，大阪市的人口減少到2,598,774人。但是在2000年代之後，大阪府出現人口重新往大阪市內集中的趨勢，人口數開始回升。2025年7月時，大阪有人口約281.16萬人。 和日本其他地區一樣，大阪也面臨嚴重的高齡化和少子化問題。自"
51925,大阪市,人口,1,",774人。但是在2000年代之後，大阪府出現人口重新往大阪市內集中的趨勢，人口數開始回升。2025年7月時，大阪有人口約281.16萬人。 和日本其他地區一樣，大阪也面臨嚴重的高齡化和少子化問題。自進入戰後以來，大阪市的出生率就長期低於日本平均值，2020年，大阪的總和生育率僅有1.16，低於全國平均1.33。就人口分佈來看，雖然大阪市全市均為人口高度集中地區，但人口密度分佈仍然有較為明顯的地區差異。大阪市24區中人口密度最高的是位於市區東部的城東區，其次是阿倍野區、東成區。與之相反的是，位於大阪市最繁華的市中心的北區和中央區因建築多為商業建築或辦公樓，人口密度相對較低。臨海的港區、大正區、西淀川區、住之江區和此花區因工廠眾多，佔用大量土地；加上擁有較多開發歷史較短的填海地，成為大阪市人口密度最低的地區。就人口變化情況來看，西成區是大阪人口自然增長率最低的地區，而西區和鶴見區是自然增長率較高的地區。港區、大正區是人口社會增加率最低的地區，而浪速區、中央區、天王寺區是人口社會增加率最高的地區。大阪市2024年人口超過6.8%是外國人，是政令指定都市中外國人人口比例最高的城市。2024年"
51925,大阪市,人口,2,"較高的地區。港區、大正區是人口社會增加率最低的地區，而浪速區、中央區、天王寺區是人口社會增加率最高的地區。大阪市2024年人口超過6.8%是外國人，是政令指定都市中外國人人口比例最高的城市。2024年12月時，大阪共有外國人人口189,281人，其中以在日中國人最多，有57,396人，其次則是在日韓國·朝鮮人57,340人。"
51925,大阪市,行政區劃,0,1899年，大阪正式設市，是日本最早的市之一。成立之初的大阪市範圍僅包括現在西區、中央區的大部分地區和北區、福島區的部分地區，面積也只有15.27平方公里。此後大阪市先後在1907年、1925年、1955年進行三次擴大。在二戰時期至戰後，大阪市曾計劃將市域擴大為東至奈良縣境、西至尼崎市、北至池田市、南至堺市，但因這一範圍太過龐大，因而被大阪府反對。最終1955年的合併只合併了大阪附近的2個町和4個村。現在大阪市共管轄有24個區，是政令指定都市中轄區數最多的城市。大阪市在過去還曾設有大淀區、東區、南區三個區。但在1989年，大淀區和北區合併為新的北區；東區和南區合併為中央區。大阪市24個區的基本數據如下：
51925,大阪市,政治,0,日本眾議院實施中選區制時，大阪市被分為大阪1區（擁有3席議員）、大阪2區（擁有5席議員）、大阪6區（擁有3席議員）三個選舉區，共計擁有11席國會議員。眾議院選舉改為小選舉區制之後，大阪市被分為大阪1區、大阪2區、大阪3區、大阪4區、大阪5區、大阪6區（亦包括守口市和門真市）六個選區。就得票情況和選舉結果來看，大阪1區、2區和4區屬於都會型選區，雖然自民黨的候選人在這三個選區當選次數最多，但民主黨和維新黨的候選人也有過當選記錄並取得一定支持。而公明黨在大阪3區、5區和6區有極強的勢力，除了2009年眾議院選舉之外，2000年以來這三個選區當選議員均為公明黨候選人。在參議院選舉方面，大阪市屬於大阪府選舉區，擁有8席參議院議員席次。現在日本的主要政黨中，前身為大阪維新會的維新黨是發祥於大阪的政黨，並且也是日本主要政黨中唯一一個總部位於大阪的政黨。而大阪也是日本維新會支持率較高的地區之一。2014年眾議院選舉時，日本維新會的候選人在大阪市六個選區中奪得一個選區的議員席次（算入比例代表當選議員的話則有兩人當選）。但在2017年眾議院選舉時，大阪市內全部議席均被自民黨、公明黨佔據。然而在2021年
51925,大阪市,政治,1,年眾議院選舉時，日本維新會的候選人在大阪市六個選區中奪得一個選區的議員席次（算入比例代表當選議員的話則有兩人當選）。但在2017年眾議院選舉時，大阪市內全部議席均被自民黨、公明黨佔據。然而在2021年眾議院選舉時，日本維新會候選人在大阪市內各選區的得票率均超過自民黨，和公明黨瓜分了大阪市內的眾議員議席。 和日本眾多大都市一樣，大阪市在戰後亦曾經歷過革新自治體時期。1947年當選大阪市長的近藤博夫和1963年中馬馨皆為左派人士。2008年，大阪維新會的創辦人橋下徹當選大阪府知事。他和大阪維新會主張地方分權，解決大阪府和大阪市的二重行政帶來的浪費問題，但遭到當時大阪市長平松邦夫的反對。因此橋下在2011年辭去知事職務，參加大阪市長並當選。橋下和大阪維新會主張實施大阪都構想，廢除大阪市和大阪府，將兩者統合為大阪都，解決二重行政的問題。同時實施道州制，使地方能獲得更多的自治權。但橋下的主張遭到自民黨等其他政黨的反對。2015年5月17日，大阪舉辦了決定是否實施大阪都制度的公民投票。反對派獲得50.38%的得票率，以極微弱多數取得過半，大阪都構想因此被否決。不過在2015年11月22日舉行的大阪
51925,大阪市,政治,2,"黨等其他政黨的反對。2015年5月17日，大阪舉辦了決定是否實施大阪都制度的公民投票。反對派獲得50.38%的得票率，以極微弱多數取得過半，大阪都構想因此被否決。不過在2015年11月22日舉行的大阪市長選舉中，大阪維新會支持的吉村洋文當選，顯示大阪市民仍期望能解決行政浪費的問題，對大阪都構想也仍有一定的支持。為推進大阪都構想，同為大阪維新會的大阪市長吉村洋文和大阪府知事松井一郎在2019年雙雙辭職，並交替競選職務。前大阪府知事松井一郎在2019年大阪市長選舉中當選。2020年11月1日，大阪市再次舉辦大阪都構想的公民投票，但仍以約1%差距被否決。2023年，橫山英幸在大阪市長選舉當選大阪市長。在同時舉辦的大阪市議會選舉中，大阪維新會維持了其最大政黨的地位，並且首次取得過半議席。 大阪市的財政狀況極為嚴峻，市債最多時曾超過55,000億日元。近年來在出售資產、削減支出等改革措施的作用下，大阪市的財政狀況略有改善。大阪市政府現在希望通過將大阪市交通局民營化等措施進一步改善財政。"
51925,大阪市,經濟,0,"大阪市經濟發達，是西日本的經濟中心都市。2021年度，大阪市的市內名目生產總值為20兆1,577億日元，比前一年增加5.1%。2021年，大阪市的市民所得約有11兆986億日元，平均每人所得為403.5萬日元。大阪市經濟總量中，農業佔比不足0.1%，工業佔比13.1%，服務業佔比86.2%。大阪市是日本經濟規模第二大的城市，市內生產總值佔大阪府的過半數及近畿地方的約23%，也佔日本總量的近4%，遠超位於第三位的橫濱市，並且和人口幾乎是大阪市兩倍的北海道相當。但另一方面，1980年代之後，大阪的產業轉型和東京相比相對滯後。現在大阪市也是日本國內經濟成長較慢的地區。"
51925,大阪市,農業,0,大阪市內大部分土地均為工商業用地，農業規模極小。現在大阪市的主要農產品是蔬菜。此外在鶴見區還有花卉種植產業。
51925,大阪市,工業,0,"在明治時代初期，新政府在大阪設置造幣廠和大阪砲兵工廠，使得大阪由江戶時代的商業都市變身為工業都市。戰前大阪市所在的阪神工業地帶曾是日本最大的工業區。1882年，澀澤榮一等實業家在大阪創立大阪紡織會社，之後紡織業快速發展，成為大阪在19世紀末期至20世紀初期的大阪的支柱產業，更讓大阪享有「東洋的曼徹斯特」美譽。然而，近40年大阪市工業呈現逐漸衰退趨勢。大阪市工業在1985年達到頂峰，製造業事業所達35,799家，從業人數37.2萬人；2000年製造業事業所為23,041家，從業人數22.8萬人，2021年製造業事業所為6,580家，從業人數11.4萬人。在大阪的工業結構中，化學、金屬等基礎素材型工業佔大阪市工業產值的比重較大，其中又以金屬製品工業最為突出。就大阪的工業地理來看，需要較多土地的重化學工業和鋼鐵工業主要分佈在大阪灣沿岸地區，而機械等其他產業的工廠則廣泛分佈在市內各地。在1970年代之後，由於工廠三法通過立法導致沿海地區興建大型重化學工廠受限，大阪的工業發展也受到嚴重影響。對此大阪市積極吸引科技廠商在大阪灣沿岸地區設廠，加上服務業的發展，使得大阪灣沿岸的工業結構已發生變化。20"
51925,大阪市,工業,1,"代之後，由於工廠三法通過立法導致沿海地區興建大型重化學工廠受限，大阪的工業發展也受到嚴重影響。對此大阪市積極吸引科技廠商在大阪灣沿岸地區設廠，加上服務業的發展，使得大阪灣沿岸的工業結構已發生變化。2020年，大阪市工業品生產額有3兆5,747億日元。現在總部位於大阪市的大型工業企業包括樂敦製藥、大金工業、夏普等。此外松下電器等著名企業也是創業於大阪。"
51925,大阪市,服務業,0,服務業是大阪經濟中佔比重最大的產業，其中又以商業、金融業、信息產業等佔比重較大。大阪市中心的中央區和北區是大阪的中心商務區，集中了眾多企業、政府部門和商業設施。北區的中之島集中了日本銀行大阪支店、大阪市政府、住友生命和關西電力等機構和企業。而北濱則擁有大阪交易所和眾多銀行、證券企業，是大阪最大的金融區。這兩個地區可謂是大阪中心商務區中的核心。大阪站所在的梅田地區和難波地區是大阪南北兩大商業核心地區，聚集有眾多百貨店等商業設施。而連接這兩大商業區的御堂筋沿途店鋪眾多，亦是繁華的商業區。1970年代之後，大阪的一些企業和大阪市合作開發位於大阪城附近的大阪商務園區（OBP）為大阪新的企業聚集區，吸引不少企業入駐。但另一方面，自1980年代開始，眾多發祥自大阪的綜合商社將總部搬遷至東京，顯示大阪在日本經濟中的地位下降。現在大阪市擁有日本6.5%的大企業總部，遠低於東京的37.1%。大阪自江戶時代開始就以金融業聞名。三和銀行、住友銀行、大和銀行等大型銀行都是起源於大阪。大阪證券交易所於1878年開始交易，和東京證券交易所並為日本歷史最悠久的股票交易所。但金融業現在是往東京集中趨勢最明顯的行業。隨
51925,大阪市,服務業,1,始就以金融業聞名。三和銀行、住友銀行、大和銀行等大型銀行都是起源於大阪。大阪證券交易所於1878年開始交易，和東京證券交易所並為日本歷史最悠久的股票交易所。但金融業現在是往東京集中趨勢最明顯的行業。隨著日本銀行界大整合的進行，現在日本各都市銀行中，僅餘里索那銀行一家將總部設在大阪。大阪證券交易所也在2013年和東京證券交易所合併。現在服務業中的訊息、觀光、環境、健康醫療等產業成為大阪市主要的成長產業。
51925,大阪市,建築,0,雖然大阪市擁有悠久的歷史，然而由於歷史上的多次戰亂和都市開發，大阪市保留的古代建築並不多。現在大阪市的著名傳統宗教建築中，只有住吉大社本殿建於明治時代之前。住吉大社本殿建於1810年，被指定為日本國寶。本殿的建築風格被稱為「住吉造」，是神社建築史上最古老的特殊樣式。而大阪另一座代表性宗教建築四天王寺在二戰空襲中被毀，現存建築則修建於戰後時期。大阪城天守閣是大阪的地標，但現在的天守閣實際上是已經是第三代天守閣。豐臣政權時期的大阪城天守閣建於1585年，主色調為黑色，在1615年的大阪夏之陣中被毀。江戶幕府時代的大阪城天守閣則修建於1626年，但在1665年被雷擊後燒毀。現在的大阪城天守閣修建於昭和初期，主色調和江戶時代的天守閣相同，都是白色，但也融合了豐臣時代大阪城天守閣的建築特徵。大阪的代表性近代建築則多修建於大大阪時期，知名作品有通天閣、大阪市中央公會堂、大阪瓦斯大樓、大大樓（日語：ダイビル）等建築。第一代通天閣建於1912年，高75米，外形仿巴黎埃菲爾鐵塔，是當時大阪最高的建築。但第一代通天閣在二戰中被拆毀。現在的通天閣則修建於1956年。大阪市中央公會堂為一座新文藝復興建築，但亦
51925,大阪市,建築,1,ビル）等建築。第一代通天閣建於1912年，高75米，外形仿巴黎埃菲爾鐵塔，是當時大阪最高的建築。但第一代通天閣在二戰中被拆毀。現在的通天閣則修建於1956年。大阪市中央公會堂為一座新文藝復興建築，但亦融合了一些巴洛克式建築的特點，是大阪市西洋式建築的代表。大阪瓦斯大樓由建築家安井武雄設計，是日本著名的裝飾風藝術建築。大大樓竣工於1925年，是日本大正時期代表性的辦公樓建築。眾多的超高層建築則是今日大阪建築的象徵。大阪摩天大樓最密集的地區是在西梅田的大阪花園城。除了西梅田之外，中之島、大阪商務園也是大阪摩天大樓較多的地區。2014年，阿倍野Harukas開業，其高度達到300米，是現在日本第二高的大樓。大阪市其他代表性的超高層建築物還有大阪府咲洲廳舍、梅田藍天大廈等大樓。
51925,大阪市,文學,0,大阪市文學史可以追溯至奈良時代。在日本古典文學名著《万葉集》中，就有關於大阪的記述。中世紀時期大阪最著名的文學家是以俳諧聞名的井原西鶴（代表作品是《好色一代男》）和劇作家近松門左衛門（代表作品有《曾根崎情死》和《國性爺合戰》）。進入明治時期以後，大阪最著名的作家有姓名被用來冠名日本兩大文學獎之一的「直木賞」的直木三十五；以描寫大阪庶民生活聞名織田作之助（代表作為《夫婦善哉》）；日本首位諾貝爾文學獎得主川端康成；懸疑小說作家東野圭吾；社會派作家山崎豐子；日本歷史小說泰斗司馬遼太郎。此外大阪還有眾多直木賞和芥川賞得主。現在大阪更有專門培育文學人的大阪文學學校。亦有許多作家雖然不是大阪人，但與大阪有密不可分的關係，並且留下以大阪為舞台的作品，如谷崎潤一郎。
51925,大阪市,方言,0,大阪地區的日語方言被稱為大阪方言，是日本使用者最多的日語方言之一，亦是近畿方言中最具代表性的方言。過去大阪市內方言亦因市民的職業不同而有區別，但隨著市內各地交流的頻繁，大阪市內方言已趨於統一。大阪方言的發音特徵有輔音發音較弱、元音則發音較強；較多使用撥音（ん）等。由於大阪文化發達，因此大阪方言通過各類媒體傳播至日本全國，更對標準日語產生影響，顯示大阪方言是日語方言中活力較強的方言。
51925,大阪市,表演藝術,0,江戶時代，大阪市作為上方文化的發源地，傳統表演藝術特別發達，其中最為著名的是人形浄瑠璃（文樂）、歌舞伎、狂言、能劇和上方落語。文樂起源於江戶時代初期，在戰後一度面臨消失，但在文樂協會的努力下，文樂實現復興，現在大阪的國立文樂劇場定期舉辦文樂公演。2003年，「人形浄瑠璃文樂」成為聯合國非物質文化遺產。能劇和狂言都起源自猿樂，也是開始於日本中世時期的傳統表演藝術。道頓堀的松竹座則是大阪歌舞伎的表演中心。上方落語起源於江戶時代中期，在江戶時代就是人氣極高的娛樂活動。戰後雖然一度陷入低潮，但在年輕藝人的努力下，上方落語已經重現生機，並且開始在電視和廣播上演出。同時在戰後，漫才取代落語成為大阪最受歡迎的語言表演藝術。大阪的吉本興業和松竹藝能培育出眾多搞笑藝人，兩者之間也展開了激烈的競爭。
51925,大阪市,美術及工藝品,0,江戶時代，大阪美術界的代表性人物有與謝蕪村和木村蒹葭堂。大阪主要的近代、現代美術家則有深受法國美術影響的畫家佐伯祐三、抽象畫家吉原治良、作品充滿現代風格的版畫家石川晃治。大阪市有國立國際美術館、大阪市立美術館等美術館收藏大阪及各國美術家的美術品。江戶時代發達的經濟亦促進大阪工藝品界的發展。大阪市具代表性的工藝品包括大阪唐木（指紫檀、黒檀、花梨、鐵刀木等原產東南亞的木材）家具、佛壇、錫器、三味線、銅器、太鼓等。
51925,大阪市,節慶活動,0,大阪市節慶活動眾多，其中最著名的是天神祭。天神祭於舉辦時間是每年的6月下旬至7月25日，時間可長達一個月，和京都的祇園祭、東京的神田祭並列為日本三大祭之一。天神祭起源自安土桃山時代，自江戶時代開始規模日趨盛大，成為日本三大祭之一。在天神祭的所有活動中，以7月24日的鉾流神事和7月25日的陸渡御、船渡御、花火大會活動規模最為盛大。除了天神祭之外，生玉夏祭和住吉祭也被稱為大阪夏季三大祭之一。
51925,大阪市,飲食,0,日本有「京都人為衣服而破產，大阪人為美食而破產」（京の着倒れ、大阪の食い倒れ）的諺語，可見大阪人對美食的執著度。豐富的食材使得大阪成為日本飲食文化最發達的城市之一，有眾多日本料理，例如迴轉壽司就是起源自大阪。大阪飲食文化的特徵之一是口味較為清淡，多使用味道較淡的醬油和日式上湯。大阪市在擁有眾多高級料亭的同時，亦擁有諸如章魚燒、御好燒、串炸等這樣普及至社會各階層的小吃。
51925,大阪市,媒體,0,大阪和東京並為日本媒體業的中心都市，日本五大全國性報紙中，朝日新聞（前身是大阪朝日新聞）、每日新聞（前身之一是大阪每日新聞）和產經新聞都是發祥自大阪。現在除了這三份報紙之外，讀賣新聞和日本經濟新聞這兩份全國性報紙也有在大阪發行。大阪主要的廣播電台包括大阪放送、FM大阪等電台。電視方面，NHK大阪放送局是日本放送協會（NHK）在大阪的節目製播機構，也是NHK在東京之外最大的放送局。大阪還有每日放送（MBS，屬JNN系列）、朝日放送（ABC，屬ANN系列）、大阪電視台（TVO，屬TXN系列）、關西電視台（KTV，屬FNN系列）、讀賣電視台（ytv，屬NNN系列）五家電視台。這五家電視台均是其所屬聯播網中的第二大電視台，不僅製播眾多面向關西地區的節目，一些節目更通過聯播網在日本全國播出。
51925,大阪市,體育,0,棒球和足球是大阪最受歡迎的體育運動。現在日本職棒的球隊中，歐力士野牛將主場球場設在位於大阪的大阪巨蛋，是唯一一支主場位於大阪的球隊。另外阪神虎雖然主場球場「阪神甲子園球場」位於大阪附近的兵庫縣，但在大阪亦擁有眾多球迷，和歐力士野牛並為關西地區的兩大職棒球隊。在J聯賽中，大阪櫻花是唯一一支主場位於大阪市的球隊，主場為長居陸上競技場。大阪櫻花培養出香川真司等日本知名的足球運動員，多次躋身聯賽排名前列，是J聯賽強隊之一。此外大阪飛腳雖然主場位於大阪郊外的吹田市，但使用「大阪」作為球隊名稱，在大阪市亦有眾多支持者。大阪櫻花和大阪飛腳之間的比賽也被稱為大阪德比。大阪惠比須神為B聯賽體系中唯一一支主場位於大阪市的球隊。此外，大阪也多次舉辦國際性體育賽事。2002年，大阪是世界盃足球賽的會場之一。2007年，大阪市舉辦了世界田徑錦標賽。大阪也是相撲盛行的地方，在近代日本關東關西相撲合併前，大阪相撲有自己的橫綱，每年3月場所也在大阪舉行。
51925,大阪市,教育,0,"和日本其他大都市相比，大阪市是大學數量和大學生人口比例較少的地區。2019年時，在大阪市的大學和短期大學就讀的大學生有31,610人，人均大學數在政令指定都市中位居倒數第四，人均大學生人口數更是排名最後一位。大阪市內過去曾有眾多大學，但由於大阪市區面積狹小，加上工場等制限法的限制，眾多大學相繼搬遷至大阪市以外的地區。但仍有不少大學在大阪市內設置衛星校區。現在大阪市內有大阪教育大學（天王寺校區）和大阪市立大學兩座國公立大學，以及大阪經濟大學、大阪工業大學等私立大學，共計擁有11所大學。大阪市立大學於2022年和大阪府立大學統合為大阪公立大學。 在發祥自大阪但現在搬遷至大阪市郊外的大學中，則是以大阪大學、大阪府立大學、關西大學規模較大。其中大阪大學名列日本本土的七所舊帝國大學之列，現在仍是日本教學和研究水準最高的大學之一。關西大學是具有知名度的「關關同立」私立大學之一。在義務教育和中等教育方面，2021年大阪市有296所小學、154所初中和93所高中。"
51925,大阪市,觀光,0,大阪市擁有眾多的觀光資源，是日本重要的旅遊都市。2024年，在各都道府縣中，大阪府旅客數排名第二位，僅次於東京都。大阪歷史悠久，市內也曾有不少歷史建築。雖然不少在戰亂中被毀，但有一些古建築已在近代重建。大阪市的主要傳統建築和古蹟包括大阪城天守閣、難波宮遺跡、住吉大社、大阪天滿宮和四天王寺。其中住吉大社更被定為日本國寶。大阪城附近的大阪城公園也是賞櫻的聖地，被評為日本百大賞櫻名所之一。通天閣及其附近的新世界一帶以懷舊風情而聞名。新世界的小吃和劇場等表演藝術使得這一地區成為大阪庶民文化最發達的地區之一。大阪眾多的超高層建築也吸引了不少遊客，其中日本第二高的摩天大樓阿倍野Harukas和擁有空中庭園的梅田藍天大廈堪稱大阪南北的兩大地標。 大阪擁有眾多規模不一、各具特色的商店，是一座適合購物的都市。大阪主要的百貨商店多集中在兩大交通樞紐梅田、難波一帶，而梅田和難波之間的心齋橋商店街則聚集了眾多中小店鋪和品牌旗艦店，是大阪的主要購物區。大阪灣沿岸一帶在過去曾是工業地帶，但現在已經變身為大阪最大的觀光區，這一地區主要的觀光景點主要分佈在天保山一帶。天保山是日本海拔高度最低的山峰，附近有大摩天輪和海
51925,大阪市,觀光,1,"店鋪和品牌旗艦店，是大阪的主要購物區。大阪灣沿岸一帶在過去曾是工業地帶，但現在已經變身為大阪最大的觀光區，這一地區主要的觀光景點主要分佈在天保山一帶。天保山是日本海拔高度最低的山峰，附近有大摩天輪和海遊館等景點。海遊館開業於1990年，無論規模還是遊客數都是日本前列的水族館。大阪灣沿岸的另一著名景點是日本環球影城開業於2001年，內有八個遊樂園區。2014年7月，日本環球影城新開闢了哈利波特遊覽區，成為大阪觀光的新熱點。根據美國主題娛樂協會（Themed Entertainment Association）統計，2023年日本環球影城入場人數達1,600萬人，連續兩年超越東京迪士尼樂園，是日本入場者數最多的主題樂園；在全球排名第三，位於美國佛羅里達州神奇王國、加州迪士尼樂園度假區之後。大阪市有各種不同類型的博物館，其中規模較大的有大阪市立科學館、大阪歷史博物館等。"
51925,大阪市,交通,0,大阪市在古代地處陸上交通和海上交通的交點，在日本古代交通網中有樞紐的地位。經由瀨戶內海前往九州、四國等西日本地區的船舶和前往東北地方、北海道的北前船都是以大阪為起點。現在大阪市也是西日本的交通中心。大阪市內沒有機場，距離大阪市最近的兩個主要機場是大阪國際機場（位於大阪府池田市、豐中市以及兵庫縣伊丹市交界）和關西國際機場（位於大阪府泉佐野市）。
51925,大阪市,鐵路,0,新幹線是大阪市主要的聯外交通手段之一。新大阪站既是東海道新幹線的終點，也是山陽新幹線的起點。市內鐵路交通方面，北部的大阪站-梅田站地區和南部的難波站地區是大阪市的兩大鐵路交通樞紐地區。西日本旅客鐵道（JR西日本）的總部位於大阪，也是大阪最大的鐵路公司。JR西日本的大阪環状線是大阪的交通大動脈，而大阪環狀線、JR京都線、JR神戶線等主要線路匯集的大阪站是JR西日本在大阪客流量最大的車站。JR西日本在大阪的其他鐵路線包括櫻島線、JR寶塚線、JR東西線、片町線（學研都市線）、大阪東線、關西本線（大和路線）、阪和線。關西的五家大手私鐵公司均以大阪作為列車運行中心。梅田站是阪神電氣鐵道和阪急電鐵的樞紐車站。阪神電氣鐵道在大阪營運阪神本線和阪神難波線兩條路線，主要服務大阪和神戶之間的乘客；阪急電鐵則營運神戶線、寶塚線、京都線、千里線四條路線，覆蓋範圍包括阪神間地區、大阪府北部和京都府南部。京阪電氣鐵道在大阪的據點是京橋站，營運京阪本線和中之島線兩條路線，主要服務大阪和京都之間的乘客。難波站則是近畿日本鐵道和南海電氣鐵道在大阪的樞紐車站。近畿日本鐵道在大阪市擁有奈良線、大阪線、南大阪線三條路線，主要
51925,大阪市,鐵路,1,在大阪的據點是京橋站，營運京阪本線和中之島線兩條路線，主要服務大阪和京都之間的乘客。難波站則是近畿日本鐵道和南海電氣鐵道在大阪的樞紐車站。近畿日本鐵道在大阪市擁有奈良線、大阪線、南大阪線三條路線，主要服務大阪和奈良、東海地方之間的乘客。南海電氣鐵道則在大阪市擁有南海本線、高野線兩條路線，主要服務範圍是大阪府南部和和歌山縣北部地區。南海的子公司阪堺電氣軌道也在大阪擁有阪堺線和上町線兩條路線，是連接大阪市和堺市之間重要的交通方式。 大阪市的地鐵原本由大阪市交通局運營。因大阪市政府推動市營交通民營化並廢除大阪市交通局，2018年起，大阪的地铁由大阪市高速电气轨道运营，通稱「Osaka Metro」。地鐵是大阪市的交通大動脈，現在包括了御堂筋線、谷町線、四橋線、中央線、千日前線、堺筋線、長堀鶴見綠地線、南港港城線、今里筋線等9條路線，其中以御堂筋線乘客數最多。
51925,大阪市,街道及公車,0,"大阪市的街道呈現類似棋盤的路網，非常整齊。2025年1月時大阪市總共有多達11,864條街道，總長度3,676公里（不含高速公路）。大阪市內的主要街道中，南北方向的道路被稱為「筋」，東西方向的道路被稱為「通」。大阪市現在的主要街道包括浪速筋、御堂筋、堺筋、曾根崎通、本町通、中央大通、千日前通等道路。其中御堂筋因其銀杏街道樹和沿線高度整齊劃一的建築而成為大阪的代表性景觀。此外，大阪和神戶之間還有阪神高速道路連接。 大阪市內的公車幾乎都由大阪城市巴士運行。大阪城市巴士的前身是大阪市營巴士，當時由大阪市交通局經營，是日本最大的公車系統之一。公車擁有兩種塗裝，普通公車為白底加綠色條紋，而使用混合動力及使用天然氣的環保型公車為白底加藍色條紋。2017年時，大阪市營公車的總營業里程數達到439.8公里，擁有車輛數達530輛。截至2025年 (2025-Missing required parameter 1=month!)，大阪市營公車無論乘車距離長短，票價均為成人210日元，兒童110日元。2017年，大阪市營巴士的業務由大阪城市巴士繼承。現在大阪城市巴士共有93條路線。"
51925,大阪市,港口,0,"大阪港位於大阪市此花區、港區、大正區、住之江區的沿海一帶，是日本主要的國際貿易港之一。大阪港和附近的神戶港均被指定為超級中樞港灣，在地理上大阪港已和附近的神戶港、尼崎西宮蘆屋港、堺泉北港連為一體，這些港口也被合稱為阪神港。現在的大阪港始建於明治時期，在戰前就經歷了多次擴張。1939年時，大阪港曾是當時日本最大的貨物港。二戰中雖然大阪港嚴重受損，但戰後很快復興，港口面積也通過填海等方式數次擴大。2022年時，大阪港是日本第五大外貿集裝箱港，位居東京、橫濱、神戶、名古屋之後，處理集裝箱數239.2萬TEU。2023年，大阪港總共進出口貨物達8,249.9萬噸。大阪港也是一座重要的客運港，有眾多客輪自大阪港出發前往日本西部和南部。大阪港還擁有日本最大的客運碼頭，也有不少郵輪停靠大阪港。"
51925,大阪市,國際交往,0,大阪的國際交往歷史悠久，在奈良時代就有隋朝使節裴世清到達難波京的記錄。近代時期，大阪又是日本最早對外開放的城市之一。2023年，大阪是日本所有城市中舉辦國際會議次數第五多的城市，位於東京、京都、橫濱、福岡之後。現在有15個國家在大阪設有總領事館，總數僅次於東京，位居日本第二。並且還有多個國家在大阪設有名譽總領事館和名譽領事館。
51925,大阪市,姊妹城市,0,大阪市和以下城市是姊妹城市： 大阪市和美國加利福尼亞州舊金山在1957年10月7日成為姊妹都市，直至舊金山決定在公眾場合設置少女像紀念第二次世界大戰期間遭日本強徵的慰安婦，大阪市一方在施壓不果後於2017年11月決定解除兩者的姊妹都市關係。
